,index,id,intent,instructions,x_combi,y_combi,x_versa,y_versa,z_versa,flag,flow_rate,relative_rates,purge_time,pH_initial,pH_final,pH_avg,pH_med,T_initial,T_avg,E_oc_initial,E_oc_stable,E_oc_stable_std,polarization_resistance,polarization_std,lpr_r2,lpr_r2_std,lpr_E_oc,lpr_E_oc_std,tafel_E_oc,i_corr
0,23,24,corrosion,"[{""op"": ""set_flow"", ""pH"": 10, ""flow_rate"": 1.25, ""relative_rates"": {""H2SO4"": 1, ""K2SO4"": 0}, ""purge_time"": 90}, {""op"": ""open_circuit"", ""duration"": 1800, ""stabilization_range"": 0.002, ""stabilization_window"": 90, ""minimum_duration"": 300, ""smoothing_window"": 10}, {""op"": ""lpr"", ""initial_potential"": -0.012, ""final_potential"": 0.012, ""step_height"": 0.0001, ""step_time"": 0.8, ""current_range"": ""20UA""}, {""op"": ""lpr"", ""initial_potential"": -0.012, ""final_potential"": 0.012, ""step_height"": 0.0001, ""step_time"": 0.8, ""current_range"": ""20UA""}, {""op"": ""lpr"", ""initial_potential"": -0.012, ""final_potential"": 0.012, ""step_height"": 0.0001, ""step_time"": 0.8, ""current_range"": ""20UA""}, {""op"": ""tafel"", ""initial_potential"": -0.25, ""final_potential"": 0.25, ""step_height"": 0.005, ""step_time"": 1, ""current_range"": ""200UA""}, {""op"": ""cv"", ""initial_potential"": -1.3, ""vertex_potential_1"": 0.5, ""vertex_potential_2"": -1.3, ""final_potential"": 0.5, ""scan_rate"": 0.075, ""cycles"": 2, ""current_range"": ""2MA""}]",-7,-70,0.0720821915,0.034601745600000004,0.010116960500000001,False,1.25,"{'H2SO4': 1, 'K2SO4': 0}",90,0.64,0.76,0.630420712,0.62,25,25,-0.29965204,-0.2887332916,0.0020523895,630.4526291068,49.8548228236,0.9979827917,0.0007873888,-0.28676575060000004,0.00030837970000000003,-0.2823289762,0.00044926870000000003
1,25,26,corrosion,"[{""op"": ""set_flow"", ""pH"": 10, ""flow_rate"": 1.25, ""relative_rates"": {""H2SO4"": 0.3, ""K2SO4"": 0.7}, ""purge_time"": 90}, {""op"": ""open_circuit"", ""duration"": 1800, ""stabilization_range"": 0.002, ""stabilization_window"": 90, ""minimum_duration"": 300, ""smoothing_window"": 10}, {""op"": ""lpr"", ""initial_potential"": -0.012, ""final_potential"": 0.012, ""step_height"": 0.0001, ""step_time"": 0.8, ""current_range"": ""20UA""}, {""op"": ""lpr"", ""initial_potential"": -0.012, ""final_potential"": 0.012, ""step_height"": 0.0001, ""step_time"": 0.8, ""current_range"": ""20UA""}, {""op"": ""lpr"", ""initial_potential"": -0.012, ""final_potential"": 0.012, ""step_height"": 0.0001, ""step_time"": 0.8, ""current_range"": ""20UA""}, {""op"": ""tafel"", ""initial_potential"": -0.25, ""final_potential"": 0.25, ""step_height"": 0.005, ""step_time"": 1, ""current_range"": ""200UA""}, {""op"": ""cv"", ""initial_potential"": -1.3, ""vertex_potential_1"": 0.5, ""vertex_potential_2"": -1.3, ""final_potential"": 0.5, ""scan_rate"": 0.075, ""cycles"": 2, ""current_range"": ""2MA""}]",-14,0,0.0020821505000000002,0.0416014938,0.01020191,False,1.25,"{'H2SO4': 0.30000000000000004, 'K2SO4': 0.7000000000000001}",90,1.2,1.48,1.2825665399,1.29,25,25,-0.5002380013000001,-0.3320862323,0.0003964792,1319.9725122598,136.6911008202,0.9921129627,0.0082740647,-0.33416228200000003,0.0003334101,-0.33395579200000003,0.0017950598000000002
2,22,23,corrosion,"[{""op"": ""set_flow"", ""pH"": 10, ""flow_rate"": 1.25, ""relative_rates"": {""H2SO4"": 0.3, ""K2SO4"": 0.7}, ""purge_time"": 90}, {""op"": ""open_circuit"", ""duration"": 1800, ""stabilization_range"": 0.002, ""stabilization_window"": 90, ""minimum_duration"": 300, ""smoothing_window"": 10}, {""op"": ""lpr"", ""initial_potential"": -0.012, ""final_potential"": 0.012, ""step_height"": 0.0001, ""step_time"": 0.8, ""current_range"": ""20UA""}, {""op"": ""lpr"", ""initial_potential"": -0.012, ""final_potential"": 0.012, ""step_height"": 0.0001, ""step_time"": 0.8, ""current_range"": ""20UA""}, {""op"": ""lpr"", ""initial_potential"": -0.012, ""final_potential"": 0.012, ""step_height"": 0.0001, ""step_time"": 0.8, ""current_range"": ""20UA""}, {""op"": ""tafel"", ""initial_potential"": -0.25, ""final_potential"": 0.25, ""step_height"": 0.005, ""step_time"": 1, ""current_range"": ""200UA""}, {""op"": ""cv"", ""initial_potential"": -1.3, ""vertex_potential_1"": 0.5, ""vertex_potential_2"": -1.3, ""final_potential"": 0.5, ""scan_rate"": 0.075, ""cycles"": 2, ""current_range"": ""2MA""}]",-7,-63,0.0650821457,0.0346020432,0.01011656,False,1.25,"{'H2SO4': 0.30000000000000004, 'K2SO4': 0.7000000000000001}",90,1.54,1.51,1.4072468354,1.3900000000000001,25,25,-0.4962508082,-0.322072272,0.00032852660000000003,1391.5506696805,177.293141521,0.9865450789,0.0062465694000000006,-0.321219297,0.0003368863,-0.32049964540000003,0.0001417249
3,26,27,corrosion,"[{""op"": ""set_flow"", ""pH"": 10, ""flow_rate"": 1.25, ""relative_rates"": {""H2SO4"": 0.1, ""K2SO4"": 0.9}, ""purge_time"": 90}, {""op"": ""open_circuit"", ""duration"": 1800, ""stabilization_range"": 0.002, ""stabilization_window"": 90, ""minimum_duration"": 300, ""smoothing_window"": 10}, {""op"": ""lpr"", ""initial_potential"": -0.012, ""final_potential"": 0.012, ""step_height"": 0.0001, ""step_time"": 0.8, ""current_range"": ""20UA""}, {""op"": ""lpr"", ""initial_potential"": -0.012, ""final_potential"": 0.012, ""step_height"": 0.0001, ""step_time"": 0.8, ""current_range"": ""20UA""}, {""op"": ""lpr"", ""initial_potential"": -0.012, ""final_potential"": 0.012, ""step_height"": 0.0001, ""step_time"": 0.8, ""current_range"": ""20UA""}, {""op"": ""tafel"", ""initial_potential"": -0.25, ""final_potential"": 0.25, ""step_height"": 0.005, ""step_time"": 1, ""current_range"": ""200UA""}, {""op"": ""cv"", ""initial_potential"": -1.3, ""vertex_potential_1"": 0.5, ""vertex_potential_2"": -1.3, ""final_potential"": 0.5, ""scan_rate"": 0.075, ""cycles"": 2, ""current_range"": ""2MA""}]",-14,-7,0.0090817995,0.0416021461,0.0100017099,False,1.25,"{'H2SO4': 0.1, 'K2SO4': 0.9}",90,1.88,2.05,1.9677955272,1.96,25,25,-0.5848889351000001,-0.3349232674,0.0031811673,2678.488389917,419.4807975289,0.9982928715,0.0001161751,-0.3293905461,0.0016977651,-0.32617400080000003,0.0001245107
4,21,22,corrosion,"[{""op"": ""set_flow"", ""pH"": 10, ""flow_rate"": 1.25, ""relative_rates"": {""H2SO4"": 0.1, ""K2SO4"": 0.9}, ""purge_time"": 90}, {""op"": ""open_circuit"", ""duration"": 1800, ""stabilization_range"": 0.002, ""stabilization_window"": 90, ""minimum_duration"": 300, ""smoothing_window"": 10}, {""op"": ""lpr"", ""initial_potential"": -0.012, ""final_potential"": 0.012, ""step_height"": 0.0001, ""step_time"": 0.8, ""current_range"": ""20UA""}, {""op"": ""lpr"", ""initial_potential"": -0.012, ""final_potential"": 0.012, ""step_height"": 0.0001, ""step_time"": 0.8, ""current_range"": ""20UA""}, {""op"": ""lpr"", ""initial_potential"": -0.012, ""final_potential"": 0.012, ""step_height"": 0.0001, ""step_time"": 0.8, ""current_range"": ""20UA""}, {""op"": ""tafel"", ""initial_potential"": -0.25, ""final_potential"": 0.25, ""step_height"": 0.005, ""step_time"": 1, ""current_range"": ""200UA""}, {""op"": ""cv"", ""initial_potential"": -1.3, ""vertex_potential_1"": 0.5, ""vertex_potential_2"": -1.3, ""final_potential"": 0.5, ""scan_rate"": 0.075, ""cycles"": 2, ""current_range"": ""2MA""}]",-7,-56,0.058081596400000005,0.0346028442,0.0098455105,False,1.25,"{'H2SO4': 0.1, 'K2SO4': 0.9}",90,2.04,2.03,2.0309326425,2.03,25,25,-0.6977568865,-0.3289885044,0.00036255630000000004,1351.7003542567,96.667202395,0.9901923686,0.0026251096000000002,-0.33096506870000003,0.0017087547,-0.336256184,0.00010788510000000001
5,27,28,corrosion,"[{""op"": ""set_flow"", ""pH"": 10, ""flow_rate"": 1.25, ""relative_rates"": {""H2SO4"": 0.03, ""K2SO4"": 0.97}, ""purge_time"": 90}, {""op"": ""open_circuit"", ""duration"": 1800, ""stabilization_range"": 0.002, ""stabilization_window"": 90, ""minimum_duration"": 300, ""smoothing_window"": 10}, {""op"": ""lpr"", ""initial_potential"": -0.012, ""final_potential"": 0.012, ""step_height"": 0.0001, ""step_time"": 0.8, ""current_range"": ""20UA""}, {""op"": ""lpr"", ""initial_potential"": -0.012, ""final_potential"": 0.012, ""step_height"": 0.0001, ""step_time"": 0.8, ""current_range"": ""20UA""}, {""op"": ""lpr"", ""initial_potential"": -0.012, ""final_potential"": 0.012, ""step_height"": 0.0001, ""step_time"": 0.8, ""current_range"": ""20UA""}, {""op"": ""tafel"", ""initial_potential"": -0.25, ""final_potential"": 0.25, ""step_height"": 0.005, ""step_time"": 1, ""current_range"": ""200UA""}, {""op"": ""cv"", ""initial_potential"": -1.3, ""vertex_potential_1"": 0.5, ""vertex_potential_2"": -1.3, ""final_potential"": 0.5, ""scan_rate"": 0.075, ""cycles"": 2, ""current_range"": ""2MA""}]",-14,-14,0.0160816994,0.0416017952,0.0100018606,False,1.25,"{'H2SO4': 0.03, 'K2SO4': 0.97}",90,2.48,2.65,2.5046387833,2.51,25,25,-0.7370153069000001,-0.5025382861000001,0.0042317512,-137.07868284,416.2400501291,0.9786348640000001,0.0048731673,-0.47011471400000004,0.0002296769,-0.4849816045,0.0003055642
6,20,21,corrosion,"[{""op"": ""set_flow"", ""pH"": 10, ""flow_rate"": 1.25, ""relative_rates"": {""H2SO4"": 0.03, ""K2SO4"": 0.97}, ""purge_time"": 90}, {""op"": ""open_circuit"", ""duration"": 1800, ""stabilization_range"": 0.002, ""stabilization_window"": 90, ""minimum_duration"": 300, ""smoothing_window"": 10}, {""op"": ""lpr"", ""initial_potential"": -0.012, ""final_potential"": 0.012, ""step_height"": 0.0001, ""step_time"": 0.8, ""current_range"": ""20UA""}, {""op"": ""lpr"", ""initial_potential"": -0.012, ""final_potential"": 0.012, ""step_height"": 0.0001, ""step_time"": 0.8, ""current_range"": ""20UA""}, {""op"": ""lpr"", ""initial_potential"": -0.012, ""final_potential"": 0.012, ""step_height"": 0.0001, ""step_time"": 0.8, ""current_range"": ""20UA""}, {""op"": ""tafel"", ""initial_potential"": -0.25, ""final_potential"": 0.25, ""step_height"": 0.005, ""step_time"": 1, ""current_range"": ""200UA""}, {""op"": ""cv"", ""initial_potential"": -1.3, ""vertex_potential_1"": 0.5, ""vertex_potential_2"": -1.3, ""final_potential"": 0.5, ""scan_rate"": 0.075, ""cycles"": 2, ""current_range"": ""2MA""}]",-7,-49,0.0510820465,0.034601944,0.0098455105,False,1.25,"{'H2SO4': 0.03, 'K2SO4': 0.97}",90,2.86,2.9,2.900376569,2.9,25,25,-0.7498969436,-0.7530560225,0.0010768106,1704.969141584,548.1881558647,0.9777059179,0.0189402343,-0.7454351672,0.0089771699,-0.7291335546000001,0.0004897747
7,19,20,corrosion,"[{""op"": ""set_flow"", ""pH"": 10, ""flow_rate"": 1.25, ""relative_rates"": {""H2SO4"": 0.01, ""K2SO4"": 0.99}, ""purge_time"": 90}, {""op"": ""open_circuit"", ""duration"": 1800, ""stabilization_range"": 0.002, ""stabilization_window"": 90, ""minimum_duration"": 300, ""smoothing_window"": 10}, {""op"": ""lpr"", ""initial_potential"": -0.012, ""final_potential"": 0.012, ""step_height"": 0.0001, ""step_time"": 0.8, ""current_range"": ""20UA""}, {""op"": ""lpr"", ""initial_potential"": -0.012, ""final_potential"": 0.012, ""step_height"": 0.0001, ""step_time"": 0.8, ""current_range"": ""20UA""}, {""op"": ""lpr"", ""initial_potential"": -0.012, ""final_potential"": 0.012, ""step_height"": 0.0001, ""step_time"": 0.8, ""current_range"": ""20UA""}, {""op"": ""tafel"", ""initial_potential"": -0.25, ""final_potential"": 0.25, ""step_height"": 0.005, ""step_time"": 1, ""current_range"": ""200UA""}, {""op"": ""cv"", ""initial_potential"": -1.3, ""vertex_potential_1"": 0.5, ""vertex_potential_2"": -1.3, ""final_potential"": 0.5, ""scan_rate"": 0.075, ""cycles"": 2, ""current_range"": ""2MA""}]",-7,-42,0.0440821457,0.0346018944,0.0098450098,False,1.25,"{'H2SO4': 0.01, 'K2SO4': 0.99}",90,3.65,3.06,3.0004316547,2.96,25,25,-0.6192400455,-0.5617326021,0.0010220890000000001,1581.3501395373,758.0577807783,0.9955150518,0.0006918947,-0.5571546507,0.0013814971,-0.5125486773,0.0002897136
8,26,27,corrosion,"[{""op"": ""set_flow"", ""pH"": 10, ""flow_rate"": 1.25, ""relative_rates"": {""H2SO4"": 1, ""K2SO4"": 0}, ""purge_time"": 90}, {""op"": ""open_circuit"", ""duration"": 1800, ""stabilization_range"": 0.002, ""stabilization_window"": 90, ""minimum_duration"": 300}, {""op"": ""lpr"", ""initial_potential"": -0.012, ""final_potential"": 0.012, ""step_height"": 0.0001, ""step_time"": 0.8, ""current_range"": ""20UA""}, {""op"": ""lpr"", ""initial_potential"": -0.012, ""final_potential"": 0.012, ""step_height"": 0.0001, ""step_time"": 0.8, ""current_range"": ""20UA""}, {""op"": ""lpr"", ""initial_potential"": -0.012, ""final_potential"": 0.012, ""step_height"": 0.0001, ""step_time"": 0.8, ""current_range"": ""20UA""}, {""op"": ""tafel"", ""initial_potential"": -0.25, ""final_potential"": 0.25, ""step_height"": 0.005, ""step_time"": 1, ""current_range"": ""200UA""}, {""op"": ""cv"", ""initial_potential"": -1.3, ""vertex_potential_1"": 0.0, ""vertex_potential_2"": -1.3, ""final_potential"": 0.0, ""scan_rate"": 0.075, ""cycles"": 2, ""current_range"": ""2MA""}]",-10,30,0.0214443474,0.0779581909,0.0101968575,False,1.25,"{'H2SO4': 1, 'K2SO4': 0}",90,3.1,3.29,3.2738728324,3.3,25,25,-0.7057312131,-0.5474400848000001,0.0041910742,1993.8755643115,72.8300624543,0.9952525663,0.0023593816,-0.5224831883000001,0.0064050589,-0.5539685386000001,0.00065897
9,29,30,corrosion,"[{""op"": ""set_flow"", ""pH"": 10, ""flow_rate"": 1.25, ""relative_rates"": {""H2SO4"": 0.003, ""K2SO4"": 0.997}, ""purge_time"": 90}, {""op"": ""open_circuit"", ""duration"": 1800, ""stabilization_range"": 0.002, ""stabilization_window"": 90, ""minimum_duration"": 300, ""smoothing_window"": 10}, {""op"": ""lpr"", ""initial_potential"": -0.012, ""final_potential"": 0.012, ""step_height"": 0.0001, ""step_time"": 0.8, ""current_range"": ""20UA""}, {""op"": ""lpr"", ""initial_potential"": -0.012, ""final_potential"": 0.012, ""step_height"": 0.0001, ""step_time"": 0.8, ""current_range"": ""20UA""}, {""op"": ""lpr"", ""initial_potential"": -0.012, ""final_potential"": 0.012, ""step_height"": 0.0001, ""step_time"": 0.8, ""current_range"": ""20UA""}, {""op"": ""tafel"", ""initial_potential"": -0.25, ""final_potential"": 0.25, ""step_height"": 0.005, ""step_time"": 1, ""current_range"": ""200UA""}, {""op"": ""cv"", ""initial_potential"": -1.3, ""vertex_potential_1"": 0.5, ""vertex_potential_2"": -1.3, ""final_potential"": 0.5, ""scan_rate"": 0.075, ""cycles"": 2, ""current_range"": ""2MA""}]",-14,-28,0.030082048400000002,0.0416018448,0.0100019598,False,1.25,"{'H2SO4': 0.003, 'K2SO4': 0.997}",90,3.8200000000000003,3.87,3.5612811388,3.5700000000000003,25,25,-0.8342412114000001,-0.8051807612,0.0015443954,990.1514819058,91.779546707,0.9987978369,0.0002285853,-0.7997318806,0.0023186668,-0.7981924178,0.0001843143
10,28,29,corrosion,"[{""op"": ""set_flow"", ""pH"": 10, ""flow_rate"": 1.25, ""relative_rates"": {""H2SO4"": 0.01, ""K2SO4"": 0.99}, ""purge_time"": 90}, {""op"": ""open_circuit"", ""duration"": 1800, ""stabilization_range"": 0.002, ""stabilization_window"": 90, ""minimum_duration"": 300, ""smoothing_window"": 10}, {""op"": ""lpr"", ""initial_potential"": -0.012, ""final_potential"": 0.012, ""step_height"": 0.0001, ""step_time"": 0.8, ""current_range"": ""20UA""}, {""op"": ""lpr"", ""initial_potential"": -0.012, ""final_potential"": 0.012, ""step_height"": 0.0001, ""step_time"": 0.8, ""current_range"": ""20UA""}, {""op"": ""lpr"", ""initial_potential"": -0.012, ""final_potential"": 0.012, ""step_height"": 0.0001, ""step_time"": 0.8, ""current_range"": ""20UA""}, {""op"": ""tafel"", ""initial_potential"": -0.25, ""final_potential"": 0.25, ""step_height"": 0.005, ""step_time"": 1, ""current_range"": ""200UA""}, {""op"": ""cv"", ""initial_potential"": -1.3, ""vertex_potential_1"": 0.5, ""vertex_potential_2"": -1.3, ""final_potential"": 0.5, ""scan_rate"": 0.075, ""cycles"": 2, ""current_range"": ""2MA""}]",-14,-21,0.0230818481,0.0416018448,0.0100019598,False,1.25,"{'H2SO4': 0.01, 'K2SO4': 0.99}",90,4.08,3.85,3.5745695364,3.58,25,25,-0.8363881111,-0.7915323317,0.0017058533000000001,1278.2712257197,57.1569528833,0.9988545293000001,0.0001123333,-0.7854376171,0.0037026875000000002,-0.7787460249,0.0002087821
11,34,35,corrosion,"[{""op"": ""set_flow"", ""pH"": 10, ""flow_rate"": 1.25, ""relative_rates"": {""H2SO4"": 1e-05, ""K2SO4"": 0.99999}, ""purge_time"": 90}, {""op"": ""open_circuit"", ""duration"": 1800, ""stabilization_range"": 0.002, ""stabilization_window"": 90, ""minimum_duration"": 300, ""smoothing_window"": 10}, {""op"": ""lpr"", ""initial_potential"": -0.012, ""final_potential"": 0.012, ""step_height"": 0.0001, ""step_time"": 0.8, ""current_range"": ""20UA""}, {""op"": ""lpr"", ""initial_potential"": -0.012, ""final_potential"": 0.012, ""step_height"": 0.0001, ""step_time"": 0.8, ""current_range"": ""20UA""}, {""op"": ""lpr"", ""initial_potential"": -0.012, ""final_potential"": 0.012, ""step_height"": 0.0001, ""step_time"": 0.8, ""current_range"": ""20UA""}, {""op"": ""tafel"", ""initial_potential"": -0.25, ""final_potential"": 0.25, ""step_height"": 0.005, ""step_time"": 1, ""current_range"": ""200UA""}, {""op"": ""cv"", ""initial_potential"": -1.3, ""vertex_potential_1"": 0.5, ""vertex_potential_2"": -1.3, ""final_potential"": 0.5, ""scan_rate"": 0.075, ""cycles"": 2, ""current_range"": ""2MA""}]",-14,-63,0.0650821457,0.0416014938,0.0101073103,False,1.25,"{'H2SO4': 1e-05, 'K2SO4': 0.99999}",90,4.78,3.9,4.0142890443,3.85,25,25,-0.692542851,-0.7874224663,0.0016659250000000002,1723.8347096919,231.9685508701,0.9971189594000001,0.0015224467,-0.7796768395,0.0038677430000000003,-0.7668902303,0.0002418152
12,25,26,corrosion,"[{""op"": ""set_flow"", ""pH"": 10, ""flow_rate"": 1.25, ""relative_rates"": {""H2SO4"": 0.3, ""K2SO4"": 0.7}, ""purge_time"": 90}, {""op"": ""open_circuit"", ""duration"": 1800, ""stabilization_range"": 0.002, ""stabilization_window"": 90, ""minimum_duration"": 300}, {""op"": ""lpr"", ""initial_potential"": -0.012, ""final_potential"": 0.012, ""step_height"": 0.0001, ""step_time"": 0.8, ""current_range"": ""20UA""}, {""op"": ""lpr"", ""initial_potential"": -0.012, ""final_potential"": 0.012, ""step_height"": 0.0001, ""step_time"": 0.8, ""current_range"": ""20UA""}, {""op"": ""lpr"", ""initial_potential"": -0.012, ""final_potential"": 0.012, ""step_height"": 0.0001, ""step_time"": 0.8, ""current_range"": ""20UA""}, {""op"": ""tafel"", ""initial_potential"": -0.25, ""final_potential"": 0.25, ""step_height"": 0.005, ""step_time"": 1, ""current_range"": ""200UA""}, {""op"": ""cv"", ""initial_potential"": -1.3, ""vertex_potential_1"": 0.0, ""vertex_potential_2"": -1.3, ""final_potential"": 0.0, ""scan_rate"": 0.075, ""cycles"": 2, ""current_range"": ""2MA""}]",-10,20,0.031444046,0.0779572449,0.010197258,False,1.25,"{'H2SO4': 0.30000000000000004, 'K2SO4': 0.7000000000000001}",90,3.63,3.91,3.8839884393,3.9,25,25,-0.7351750135,-0.7132455409,0.0013442863,2934.1016798986,48.129267557,0.9988640454000001,0.000155777,-0.7099347305,0.0027264112000000003,-0.705714827,0.0002396788
13,30,31,corrosion,"[{""op"": ""set_flow"", ""pH"": 10, ""flow_rate"": 1.25, ""relative_rates"": {""H2SO4"": 0.001, ""K2SO4"": 0.999}, ""purge_time"": 90}, {""op"": ""open_circuit"", ""duration"": 1800, ""stabilization_range"": 0.002, ""stabilization_window"": 90, ""minimum_duration"": 300, ""smoothing_window"": 10}, {""op"": ""lpr"", ""initial_potential"": -0.012, ""final_potential"": 0.012, ""step_height"": 0.0001, ""step_time"": 0.8, ""current_range"": ""20UA""}, {""op"": ""lpr"", ""initial_potential"": -0.012, ""final_potential"": 0.012, ""step_height"": 0.0001, ""step_time"": 0.8, ""current_range"": ""20UA""}, {""op"": ""lpr"", ""initial_potential"": -0.012, ""final_potential"": 0.012, ""step_height"": 0.0001, ""step_time"": 0.8, ""current_range"": ""20UA""}, {""op"": ""tafel"", ""initial_potential"": -0.25, ""final_potential"": 0.25, ""step_height"": 0.005, ""step_time"": 1, ""current_range"": ""200UA""}, {""op"": ""cv"", ""initial_potential"": -1.3, ""vertex_potential_1"": 0.5, ""vertex_potential_2"": -1.3, ""final_potential"": 0.5, ""scan_rate"": 0.075, ""cycles"": 2, ""current_range"": ""2MA""}]",-14,-35,0.0370821457,0.0416018448,0.0100025101,False,1.25,"{'H2SO4': 0.001, 'K2SO4': 0.999}",90,4.21,4.58,4.0524252492,4.05,25,25,-0.8360814452,-0.8244265795,0.0024596998,1692.9524619987,172.7294385524,0.9980732932,0.000885528,-0.8226443243,0.0010945981,-0.8306070811,6.992310000000001e-05
14,31,32,corrosion,"[{""op"": ""set_flow"", ""pH"": 10, ""flow_rate"": 1.25, ""relative_rates"": {""H2SO4"": 0.0003, ""K2SO4"": 0.9997}, ""purge_time"": 90}, {""op"": ""open_circuit"", ""duration"": 1800, ""stabilization_range"": 0.002, ""stabilization_window"": 90, ""minimum_duration"": 300, ""smoothing_window"": 10}, {""op"": ""lpr"", ""initial_potential"": -0.012, ""final_potential"": 0.012, ""step_height"": 0.0001, ""step_time"": 0.8, ""current_range"": ""20UA""}, {""op"": ""lpr"", ""initial_potential"": -0.012, ""final_potential"": 0.012, ""step_height"": 0.0001, ""step_time"": 0.8, ""current_range"": ""20UA""}, {""op"": ""lpr"", ""initial_potential"": -0.012, ""final_potential"": 0.012, ""step_height"": 0.0001, ""step_time"": 0.8, ""current_range"": ""20UA""}, {""op"": ""tafel"", ""initial_potential"": -0.25, ""final_potential"": 0.25, ""step_height"": 0.005, ""step_time"": 1, ""current_range"": ""200UA""}, {""op"": ""cv"", ""initial_potential"": -1.3, ""vertex_potential_1"": 0.5, ""vertex_potential_2"": -1.3, ""final_potential"": 0.5, ""scan_rate"": 0.075, ""cycles"": 2, ""current_range"": ""2MA""}]",-14,-42,0.0440821457,0.0416018448,0.0100021601,False,1.25,"{'H2SO4': 0.00030000000000000003, 'K2SO4': 0.9997}",90,4.52,5.1,4.4632302405,4.47,25,25,-0.8225863576,-0.8026810944,0.0017404057,2209.1182473855,203.0360584257,0.9953102633,0.001568712,-0.7938529550000001,0.0031342652000000003,-0.8025948106,2.68045e-05
15,32,33,corrosion,"[{""op"": ""set_flow"", ""pH"": 10, ""flow_rate"": 1.25, ""relative_rates"": {""H2SO4"": 0.0001, ""K2SO4"": 0.9999}, ""purge_time"": 90}, {""op"": ""open_circuit"", ""duration"": 1800, ""stabilization_range"": 0.002, ""stabilization_window"": 90, ""minimum_duration"": 300, ""smoothing_window"": 10}, {""op"": ""lpr"", ""initial_potential"": -0.012, ""final_potential"": 0.012, ""step_height"": 0.0001, ""step_time"": 0.8, ""current_range"": ""20UA""}, {""op"": ""lpr"", ""initial_potential"": -0.012, ""final_potential"": 0.012, ""step_height"": 0.0001, ""step_time"": 0.8, ""current_range"": ""20UA""}, {""op"": ""lpr"", ""initial_potential"": -0.012, ""final_potential"": 0.012, ""step_height"": 0.0001, ""step_time"": 0.8, ""current_range"": ""20UA""}, {""op"": ""tafel"", ""initial_potential"": -0.25, ""final_potential"": 0.25, ""step_height"": 0.005, ""step_time"": 1, ""current_range"": ""200UA""}, {""op"": ""cv"", ""initial_potential"": -1.3, ""vertex_potential_1"": 0.5, ""vertex_potential_2"": -1.3, ""final_potential"": 0.5, ""scan_rate"": 0.075, ""cycles"": 2, ""current_range"": ""2MA""}]",-14,-49,0.0510819969,0.0416018448,0.0100023603,False,1.25,"{'H2SO4': 0.0001, 'K2SO4': 0.9999}",90,4.62,5.19,4.5352822581000005,4.49,25,25,-0.8342412114000001,-0.8250706792,0.0016226229,2849.9451960432,148.0133015025,0.9939445408,0.0039702767,-0.8125048361,0.0045543508,-0.8167480006000001,2.68256e-05
16,24,25,corrosion,"[{""op"": ""set_flow"", ""pH"": 10, ""flow_rate"": 1.25, ""relative_rates"": {""H2SO4"": 0.1, ""K2SO4"": 0.9}, ""purge_time"": 90}, {""op"": ""open_circuit"", ""duration"": 1800, ""stabilization_range"": 0.002, ""stabilization_window"": 90, ""minimum_duration"": 300}, {""op"": ""lpr"", ""initial_potential"": -0.012, ""final_potential"": 0.012, ""step_height"": 0.0001, ""step_time"": 0.8, ""current_range"": ""20UA""}, {""op"": ""lpr"", ""initial_potential"": -0.012, ""final_potential"": 0.012, ""step_height"": 0.0001, ""step_time"": 0.8, ""current_range"": ""20UA""}, {""op"": ""lpr"", ""initial_potential"": -0.012, ""final_potential"": 0.012, ""step_height"": 0.0001, ""step_time"": 0.8, ""current_range"": ""20UA""}, {""op"": ""tafel"", ""initial_potential"": -0.25, ""final_potential"": 0.25, ""step_height"": 0.005, ""step_time"": 1, ""current_range"": ""200UA""}, {""op"": ""cv"", ""initial_potential"": -1.3, ""vertex_potential_1"": 0.0, ""vertex_potential_2"": -1.3, ""final_potential"": 0.0, ""scan_rate"": 0.075, ""cycles"": 2, ""current_range"": ""2MA""}]",-10,10,0.0414439964,0.07795749660000001,0.010396857300000001,False,1.25,"{'H2SO4': 0.1, 'K2SO4': 0.9}",90,4.32,4.74,4.5313487476,4.53,25,25,-0.7342548966,-0.6830349624000001,0.0008617763000000001,2790.8673277317,129.1863459305,0.9977153485,0.0004280587,-0.6764248726000001,0.002909722,-0.6784998908000001,3.31156e-05
17,23,24,corrosion,"[{""op"": ""set_flow"", ""pH"": 10, ""flow_rate"": 1.25, ""relative_rates"": {""H2SO4"": 0.03, ""K2SO4"": 0.97}, ""purge_time"": 90}, {""op"": ""open_circuit"", ""duration"": 1800, ""stabilization_range"": 0.002, ""stabilization_window"": 90, ""minimum_duration"": 300}, {""op"": ""lpr"", ""initial_potential"": -0.012, ""final_potential"": 0.012, ""step_height"": 0.0001, ""step_time"": 0.8, ""current_range"": ""20UA""}, {""op"": ""lpr"", ""initial_potential"": -0.012, ""final_potential"": 0.012, ""step_height"": 0.0001, ""step_time"": 0.8, ""current_range"": ""20UA""}, {""op"": ""lpr"", ""initial_potential"": -0.012, ""final_potential"": 0.012, ""step_height"": 0.0001, ""step_time"": 0.8, ""current_range"": ""20UA""}, {""op"": ""tafel"", ""initial_potential"": -0.25, ""final_potential"": 0.25, ""step_height"": 0.005, ""step_time"": 1, ""current_range"": ""200UA""}, {""op"": ""cv"", ""initial_potential"": -1.3, ""vertex_potential_1"": 0.0, ""vertex_potential_2"": -1.3, ""final_potential"": 0.0, ""scan_rate"": 0.075, ""cycles"": 2, ""current_range"": ""2MA""}]",-20,-40,0.0914444427,0.0879569931,0.0107666073,False,1.25,"{'H2SO4': 0.03, 'K2SO4': 0.97}",90,4.9,5.23,4.9682648402,4.96,25,25,-0.7980498672,-0.8062542439,0.00032815970000000004,7409.2811399701,994.3481415645,0.9828980093,0.0081276273,-0.8048952035,0.0008326171,-0.8203664538000001,6.2444e-06
18,35,36,corrosion,"[{""op"": ""set_flow"", ""pH"": 10, ""flow_rate"": 1.25, ""relative_rates"": {""KOH"": 1e-05, ""K2SO4"": 0.99999}, ""purge_time"": 90}, {""op"": ""open_circuit"", ""duration"": 1800, ""stabilization_range"": 0.002, ""stabilization_window"": 90, ""minimum_duration"": 300, ""smoothing_window"": 10}, {""op"": ""lpr"", ""initial_potential"": -0.012, ""final_potential"": 0.012, ""step_height"": 0.0001, ""step_time"": 0.8, ""current_range"": ""20UA""}, {""op"": ""lpr"", ""initial_potential"": -0.012, ""final_potential"": 0.012, ""step_height"": 0.0001, ""step_time"": 0.8, ""current_range"": ""20UA""}, {""op"": ""lpr"", ""initial_potential"": -0.012, ""final_potential"": 0.012, ""step_height"": 0.0001, ""step_time"": 0.8, ""current_range"": ""20UA""}, {""op"": ""tafel"", ""initial_potential"": -0.25, ""final_potential"": 0.25, ""step_height"": 0.005, ""step_time"": 1, ""current_range"": ""200UA""}, {""op"": ""cv"", ""initial_potential"": -1.3, ""vertex_potential_1"": 0.5, ""vertex_potential_2"": -1.3, ""final_potential"": 0.5, ""scan_rate"": 0.075, ""cycles"": 2, ""current_range"": ""2MA""}]",-14,-70,0.0720818939,0.0416024437,0.0101074104,False,1.25,"{'KOH': 1e-05, 'K2SO4': 0.99999}",90,5.95,6.71,5.3496186440999995,5.24,25,25,-0.7894620895000001,-0.7744947940000001,0.0005132162,3280.0583133938,310.3619941085,0.9697162516000001,0.0182587239,-0.7589104843000001,0.0018018104,-0.7840993779000001,8.3371e-06
19,36,37,corrosion,"[{""op"": ""set_flow"", ""pH"": 10, ""flow_rate"": 1.25, ""relative_rates"": {""KOH"": 3e-05, ""K2SO4"": 0.99997}, ""purge_time"": 90}, {""op"": ""open_circuit"", ""duration"": 1800, ""stabilization_range"": 0.002, ""stabilization_window"": 90, ""minimum_duration"": 300, ""smoothing_window"": 10}, {""op"": ""lpr"", ""initial_potential"": -0.012, ""final_potential"": 0.012, ""step_height"": 0.0001, ""step_time"": 0.8, ""current_range"": ""20UA""}, {""op"": ""lpr"", ""initial_potential"": -0.012, ""final_potential"": 0.012, ""step_height"": 0.0001, ""step_time"": 0.8, ""current_range"": ""20UA""}, {""op"": ""lpr"", ""initial_potential"": -0.012, ""final_potential"": 0.012, ""step_height"": 0.0001, ""step_time"": 0.8, ""current_range"": ""20UA""}, {""op"": ""tafel"", ""initial_potential"": -0.25, ""final_potential"": 0.25, ""step_height"": 0.005, ""step_time"": 1, ""current_range"": ""200UA""}, {""op"": ""cv"", ""initial_potential"": -1.3, ""vertex_potential_1"": 0.5, ""vertex_potential_2"": -1.3, ""final_potential"": 0.5, ""scan_rate"": 0.075, ""cycles"": 2, ""current_range"": ""2MA""}]",-14,-77,0.0790819931,0.0416020432,0.0101074104,False,1.25,"{'KOH': 3.0000000000000004e-05, 'K2SO4': 0.9999700000000001}",90,6.16,7.02,5.6155752212,5.77,25,25,-0.7790340185,-0.7738507092,0.0006886964000000001,4092.9265204106,427.2946182583,0.9776682798,0.0050634911,-0.7811276008,0.0030276440000000003,-0.7992404915,1.13471e-05
20,38,39,corrosion,"[{""op"": ""set_flow"", ""pH"": 10, ""flow_rate"": 1.25, ""relative_rates"": {""KOH"": 0.0003, ""K2SO4"": 0.9997}, ""purge_time"": 90}, {""op"": ""open_circuit"", ""duration"": 1800, ""stabilization_range"": 0.002, ""stabilization_window"": 90, ""minimum_duration"": 300, ""smoothing_window"": 10}, {""op"": ""lpr"", ""initial_potential"": -0.012, ""final_potential"": 0.012, ""step_height"": 0.0001, ""step_time"": 0.8, ""current_range"": ""20UA""}, {""op"": ""lpr"", ""initial_potential"": -0.012, ""final_potential"": 0.012, ""step_height"": 0.0001, ""step_time"": 0.8, ""current_range"": ""20UA""}, {""op"": ""lpr"", ""initial_potential"": -0.012, ""final_potential"": 0.012, ""step_height"": 0.0001, ""step_time"": 0.8, ""current_range"": ""20UA""}, {""op"": ""tafel"", ""initial_potential"": -0.25, ""final_potential"": 0.25, ""step_height"": 0.005, ""step_time"": 1, ""current_range"": ""200UA""}, {""op"": ""cv"", ""initial_potential"": -1.3, ""vertex_potential_1"": 0.5, ""vertex_potential_2"": -1.3, ""final_potential"": 0.5, ""scan_rate"": 0.075, ""cycles"": 2, ""current_range"": ""2MA""}]",-21,-7,0.0090812998,0.0486017952,0.009778910600000001,False,1.25,"{'KOH': 0.00030000000000000003, 'K2SO4': 0.9997}",90,6.17,7.75,6.114978903,6.02,25,25,-0.8044906855,-0.7826531887,0.0003930259,22508.1703506572,6404.2377774536,0.9855098073,0.0093970376,-0.776054209,0.0025836869000000003,-0.7926668558000001,1.3144e-06
21,40,41,corrosion,"[{""op"": ""set_flow"", ""pH"": 10, ""flow_rate"": 1.25, ""relative_rates"": {""KOH"": 0.003, ""K2SO4"": 0.997}, ""purge_time"": 90}, {""op"": ""open_circuit"", ""duration"": 1800, ""stabilization_range"": 0.002, ""stabilization_window"": 90, ""minimum_duration"": 300, ""smoothing_window"": 10}, {""op"": ""lpr"", ""initial_potential"": -0.012, ""final_potential"": 0.012, ""step_height"": 0.0001, ""step_time"": 0.8, ""current_range"": ""20UA""}, {""op"": ""lpr"", ""initial_potential"": -0.012, ""final_potential"": 0.012, ""step_height"": 0.0001, ""step_time"": 0.8, ""current_range"": ""20UA""}, {""op"": ""lpr"", ""initial_potential"": -0.012, ""final_potential"": 0.012, ""step_height"": 0.0001, ""step_time"": 0.8, ""current_range"": ""20UA""}, {""op"": ""tafel"", ""initial_potential"": -0.25, ""final_potential"": 0.25, ""step_height"": 0.005, ""step_time"": 1, ""current_range"": ""200UA""}, {""op"": ""cv"", ""initial_potential"": -1.3, ""vertex_potential_1"": 0.5, ""vertex_potential_2"": -1.3, ""final_potential"": 0.5, ""scan_rate"": 0.075, ""cycles"": 2, ""current_range"": ""2MA""}]",-21,-21,0.023082248700000002,0.0486017456,0.009778910600000001,False,1.25,"{'KOH': 0.003, 'K2SO4': 0.997}",90,6.36,7.2,6.2457522124,6.17,25,25,-0.7857815623000001,-0.7775618553,0.0016875388,12817.3838763603,1869.9003169314,0.9765685248,0.0153057929,-0.7816195785000001,0.0024488202,-0.8068237618,3.2239e-06
22,22,23,corrosion,"[{""op"": ""set_flow"", ""pH"": 10, ""flow_rate"": 1.25, ""relative_rates"": {""H2SO4"": 0.01, ""K2SO4"": 0.99}, ""purge_time"": 90}, {""op"": ""open_circuit"", ""duration"": 1800, ""stabilization_range"": 0.002, ""stabilization_window"": 90, ""minimum_duration"": 300}, {""op"": ""lpr"", ""initial_potential"": -0.012, ""final_potential"": 0.012, ""step_height"": 0.0001, ""step_time"": 0.8, ""current_range"": ""20UA""}, {""op"": ""lpr"", ""initial_potential"": -0.012, ""final_potential"": 0.012, ""step_height"": 0.0001, ""step_time"": 0.8, ""current_range"": ""20UA""}, {""op"": ""lpr"", ""initial_potential"": -0.012, ""final_potential"": 0.012, ""step_height"": 0.0001, ""step_time"": 0.8, ""current_range"": ""20UA""}, {""op"": ""tafel"", ""initial_potential"": -0.25, ""final_potential"": 0.25, ""step_height"": 0.005, ""step_time"": 1, ""current_range"": ""200UA""}, {""op"": ""cv"", ""initial_potential"": -1.3, ""vertex_potential_1"": 0.0, ""vertex_potential_2"": -1.3, ""final_potential"": 0.0, ""scan_rate"": 0.075, ""cycles"": 2, ""current_range"": ""2MA""}]",-20,-30,0.0814440918,0.0879519958,0.010382308,False,1.25,"{'H2SO4': 0.01, 'K2SO4': 0.99}",90,6.09,7.78,6.2705479452,6.2,25,25,-0.8440557718,-0.8396392226,0.0003504281,6332.2747235515,1981.7309016374,0.9716378942,0.006132158600000001,-0.8266684334000001,0.0038580845,-0.8376504322,1.4351300000000001e-05
23,18,19,corrosion,"[{""op"": ""set_flow"", ""pH"": 10, ""flow_rate"": 1.25, ""relative_rates"": {""KOH"": 0.01, ""K2SO4"": 0.99}, ""purge_time"": 90}, {""op"": ""open_circuit"", ""duration"": 1800, ""stabilization_range"": 0.002, ""stabilization_window"": 90, ""minimum_duration"": 300}, {""op"": ""lpr"", ""initial_potential"": -0.012, ""final_potential"": 0.012, ""step_height"": 0.0001, ""step_time"": 0.8, ""current_range"": ""20UA""}, {""op"": ""lpr"", ""initial_potential"": -0.012, ""final_potential"": 0.012, ""step_height"": 0.0001, ""step_time"": 0.8, ""current_range"": ""20UA""}, {""op"": ""lpr"", ""initial_potential"": -0.012, ""final_potential"": 0.012, ""step_height"": 0.0001, ""step_time"": 0.8, ""current_range"": ""20UA""}, {""op"": ""tafel"", ""initial_potential"": -0.25, ""final_potential"": 0.25, ""step_height"": 0.005, ""step_time"": 1, ""current_range"": ""200UA""}, {""op"": ""cv"", ""initial_potential"": -1.3, ""vertex_potential_1"": 0.0, ""vertex_potential_2"": -1.3, ""final_potential"": 0.0, ""scan_rate"": 0.075, ""cycles"": 2, ""current_range"": ""2MA""}]",-10,-40,0.0914444427,0.0779577942,0.010382357600000001,False,1.25,"{'KOH': 0.01, 'K2SO4': 0.99}",90,6.01,6.65,6.2309589041,6.21,25,25,-0.7922224402,-0.7998594165,0.00032853120000000003,11719.0585830534,716.3583730995,0.9949476908,0.0015834034,-0.8019124836,0.0022901279,-0.83513349,1.8121e-06
24,21,22,corrosion,"[{""op"": ""set_flow"", ""pH"": 10, ""flow_rate"": 1.25, ""relative_rates"": {""H2SO4"": 0.003, ""K2SO4"": 0.997}, ""purge_time"": 90}, {""op"": ""open_circuit"", ""duration"": 1800, ""stabilization_range"": 0.002, ""stabilization_window"": 90, ""minimum_duration"": 300}, {""op"": ""lpr"", ""initial_potential"": -0.012, ""final_potential"": 0.012, ""step_height"": 0.0001, ""step_time"": 0.8, ""current_range"": ""20UA""}, {""op"": ""lpr"", ""initial_potential"": -0.012, ""final_potential"": 0.012, ""step_height"": 0.0001, ""step_time"": 0.8, ""current_range"": ""20UA""}, {""op"": ""lpr"", ""initial_potential"": -0.012, ""final_potential"": 0.012, ""step_height"": 0.0001, ""step_time"": 0.8, ""current_range"": ""20UA""}, {""op"": ""tafel"", ""initial_potential"": -0.25, ""final_potential"": 0.25, ""step_height"": 0.005, ""step_time"": 1, ""current_range"": ""200UA""}, {""op"": ""cv"", ""initial_potential"": -1.3, ""vertex_potential_1"": 0.0, ""vertex_potential_2"": -1.3, ""final_potential"": 0.0, ""scan_rate"": 0.075, ""cycles"": 2, ""current_range"": ""2MA""}]",-20,-20,0.0714446411,0.0879572906,0.0103822575,False,1.25,"{'H2SO4': 0.003, 'K2SO4': 0.997}",90,6.08,7.66,6.2439583333,6.215,25,25,-0.8185991645,-0.8119589657,0.0004902753,4987.5562435928,649.7741839273,0.9906808333,0.0026916075,-0.81579249,0.0020139346,-0.8454136316,5.4862e-06
25,39,40,corrosion,"[{""op"": ""set_flow"", ""pH"": 10, ""flow_rate"": 1.25, ""relative_rates"": {""KOH"": 0.001, ""K2SO4"": 0.999}, ""purge_time"": 90}, {""op"": ""open_circuit"", ""duration"": 1800, ""stabilization_range"": 0.002, ""stabilization_window"": 90, ""minimum_duration"": 300, ""smoothing_window"": 10}, {""op"": ""lpr"", ""initial_potential"": -0.012, ""final_potential"": 0.012, ""step_height"": 0.0001, ""step_time"": 0.8, ""current_range"": ""20UA""}, {""op"": ""lpr"", ""initial_potential"": -0.012, ""final_potential"": 0.012, ""step_height"": 0.0001, ""step_time"": 0.8, ""current_range"": ""20UA""}, {""op"": ""lpr"", ""initial_potential"": -0.012, ""final_potential"": 0.012, ""step_height"": 0.0001, ""step_time"": 0.8, ""current_range"": ""20UA""}, {""op"": ""tafel"", ""initial_potential"": -0.25, ""final_potential"": 0.25, ""step_height"": 0.005, ""step_time"": 1, ""current_range"": ""200UA""}, {""op"": ""cv"", ""initial_potential"": -1.3, ""vertex_potential_1"": 0.5, ""vertex_potential_2"": -1.3, ""final_potential"": 0.5, ""scan_rate"": 0.075, ""cycles"": 2, ""current_range"": ""2MA""}]",-21,-14,0.0160821476,0.048601894400000005,0.009779060400000001,False,1.25,"{'KOH': 0.001, 'K2SO4': 0.999}",90,6.37,8.25,6.3618777293,6.24,25,25,-0.8112382293,-0.8185684860000001,0.0003432673,24225.6324682635,3762.1216567534,0.9844390491,0.0090537772,-0.8096278095,0.0051059015,-0.8212602717,1.5921e-06
26,20,21,corrosion,"[{""op"": ""set_flow"", ""pH"": 10, ""flow_rate"": 1.25, ""relative_rates"": {""K2SO4"": 1.0}, ""purge_time"": 90}, {""op"": ""open_circuit"", ""duration"": 1800, ""stabilization_range"": 0.002, ""stabilization_window"": 90, ""minimum_duration"": 300}, {""op"": ""lpr"", ""initial_potential"": -0.012, ""final_potential"": 0.012, ""step_height"": 0.0001, ""step_time"": 0.8, ""current_range"": ""20UA""}, {""op"": ""lpr"", ""initial_potential"": -0.012, ""final_potential"": 0.012, ""step_height"": 0.0001, ""step_time"": 0.8, ""current_range"": ""20UA""}, {""op"": ""lpr"", ""initial_potential"": -0.012, ""final_potential"": 0.012, ""step_height"": 0.0001, ""step_time"": 0.8, ""current_range"": ""20UA""}, {""op"": ""tafel"", ""initial_potential"": -0.25, ""final_potential"": 0.25, ""step_height"": 0.005, ""step_time"": 1, ""current_range"": ""200UA""}, {""op"": ""cv"", ""initial_potential"": -1.3, ""vertex_potential_1"": 0.0, ""vertex_potential_2"": -1.3, ""final_potential"": 0.0, ""scan_rate"": 0.075, ""cycles"": 2, ""current_range"": ""2MA""}]",-20,-10,0.0614446411,0.0879605942,0.0103822575,False,1.25,{'K2SO4': 1.0},90,6.01,6.85,6.3017191977,6.32,25,25,-0.8130784631,-0.820424059,0.000351467,7029.5768091608,475.0360301017,0.9895888736,0.0021847010000000003,-0.8204299804,0.0003919355,-0.8448299115000001,5.6775e-06
27,19,20,corrosion,"[{""op"": ""set_flow"", ""pH"": 10, ""flow_rate"": 1.25, ""relative_rates"": {""KOH"": 0.003, ""K2SO4"": 0.997}, ""purge_time"": 90}, {""op"": ""open_circuit"", ""duration"": 1800, ""stabilization_range"": 0.002, ""stabilization_window"": 90, ""minimum_duration"": 300}, {""op"": ""lpr"", ""initial_potential"": -0.012, ""final_potential"": 0.012, ""step_height"": 0.0001, ""step_time"": 0.8, ""current_range"": ""20UA""}, {""op"": ""lpr"", ""initial_potential"": -0.012, ""final_potential"": 0.012, ""step_height"": 0.0001, ""step_time"": 0.8, ""current_range"": ""20UA""}, {""op"": ""lpr"", ""initial_potential"": -0.012, ""final_potential"": 0.012, ""step_height"": 0.0001, ""step_time"": 0.8, ""current_range"": ""20UA""}, {""op"": ""tafel"", ""initial_potential"": -0.25, ""final_potential"": 0.25, ""step_height"": 0.005, ""step_time"": 1, ""current_range"": ""200UA""}, {""op"": ""cv"", ""initial_potential"": -1.3, ""vertex_potential_1"": 0.0, ""vertex_potential_2"": -1.3, ""final_potential"": 0.0, ""scan_rate"": 0.075, ""cycles"": 2, ""current_range"": ""2MA""}]",-20,0,0.051444545700000004,0.08799699400000001,0.0103821573,False,1.25,"{'KOH': 0.003, 'K2SO4': 0.997}",90,6.06,7.47,6.4502904564,6.44,25,25,-0.8014236093,-0.8151333958,0.0005367898,7787.7878891482,198.3275027754,0.9663238899000001,0.00639284,-0.8148972952,0.0009474752,-0.8320105376,6.6064e-06
28,7,8,corrosion,"[{""op"": ""set_flow"", ""pH"": 10, ""flow_rate"": 1.25, ""relative_rates"": {""KOH"": 0.003, ""K2SO4"": 0.997}, ""purge_time"": 90}, {""op"": ""open_circuit"", ""duration"": 1800, ""stabilization_range"": 0.002, ""stabilization_window"": 90, ""minimum_duration"": 300, ""smoothing_window"": 10}, {""op"": ""lpr"", ""initial_potential"": -0.012, ""final_potential"": 0.012, ""step_height"": 0.0001, ""step_time"": 0.8, ""current_range"": ""20UA""}, {""op"": ""lpr"", ""initial_potential"": -0.012, ""final_potential"": 0.012, ""step_height"": 0.0001, ""step_time"": 0.8, ""current_range"": ""20UA""}, {""op"": ""lpr"", ""initial_potential"": -0.012, ""final_potential"": 0.012, ""step_height"": 0.0001, ""step_time"": 0.8, ""current_range"": ""20UA""}, {""op"": ""tafel"", ""initial_potential"": -0.25, ""final_potential"": 0.25, ""step_height"": 0.005, ""step_time"": 1, ""current_range"": ""200UA""}, {""op"": ""cv"", ""initial_potential"": -1.3, ""vertex_potential_1"": 0.5, ""vertex_potential_2"": -1.3, ""final_potential"": 0.5, ""scan_rate"": 0.075, ""cycles"": 2, ""current_range"": ""2MA""}]",0,-49,0.0510821953,0.0276027451,0.0098443604,False,1.25,"{'KOH': 0.003, 'K2SO4': 0.997}",90,6.66,7.35,6.9950380228,6.68,25,25,7.6244130135,-0.6862093747,0.0068018185,2498.0201310283,1434.6457500239,0.9711340173,0.0192881528,-0.6925957797000001,0.0080728258,-0.717699159,5.5028e-06
29,8,9,corrosion,"[{""op"": ""set_flow"", ""pH"": 10, ""flow_rate"": 1.25, ""relative_rates"": {""KOH"": 0.001, ""K2SO4"": 0.999}, ""purge_time"": 90}, {""op"": ""open_circuit"", ""duration"": 1800, ""stabilization_range"": 0.002, ""stabilization_window"": 90, ""minimum_duration"": 300, ""smoothing_window"": 10}, {""op"": ""lpr"", ""initial_potential"": -0.012, ""final_potential"": 0.012, ""step_height"": 0.0001, ""step_time"": 0.8, ""current_range"": ""20UA""}, {""op"": ""lpr"", ""initial_potential"": -0.012, ""final_potential"": 0.012, ""step_height"": 0.0001, ""step_time"": 0.8, ""current_range"": ""20UA""}, {""op"": ""lpr"", ""initial_potential"": -0.012, ""final_potential"": 0.012, ""step_height"": 0.0001, ""step_time"": 0.8, ""current_range"": ""20UA""}, {""op"": ""tafel"", ""initial_potential"": -0.25, ""final_potential"": 0.25, ""step_height"": 0.005, ""step_time"": 1, ""current_range"": ""200UA""}, {""op"": ""cv"", ""initial_potential"": -1.3, ""vertex_potential_1"": 0.5, ""vertex_potential_2"": -1.3, ""final_potential"": 0.5, ""scan_rate"": 0.075, ""cycles"": 2, ""current_range"": ""2MA""}]",0,-56,0.0580817947,0.027601696000000002,0.0098446598,False,1.25,"{'KOH': 0.001, 'K2SO4': 0.999}",90,6.68,9.47,7.3350184502,7.19,25,25,-0.6680063605000001,-0.8338578016,0.000673982,7405.6675949746,1873.1967501542,0.9659139059,0.0055387624,-0.8260611533000001,0.0059939451,-0.8429991115000001,1.7653e-06
30,18,19,corrosion,"[{""op"": ""set_flow"", ""pH"": 10, ""flow_rate"": 1.25, ""relative_rates"": {""H2SO4"": 0.003, ""K2SO4"": 0.997}, ""purge_time"": 90}, {""op"": ""open_circuit"", ""duration"": 1800, ""stabilization_range"": 0.002, ""stabilization_window"": 90, ""minimum_duration"": 300, ""smoothing_window"": 10}, {""op"": ""lpr"", ""initial_potential"": -0.012, ""final_potential"": 0.012, ""step_height"": 0.0001, ""step_time"": 0.8, ""current_range"": ""20UA""}, {""op"": ""lpr"", ""initial_potential"": -0.012, ""final_potential"": 0.012, ""step_height"": 0.0001, ""step_time"": 0.8, ""current_range"": ""20UA""}, {""op"": ""lpr"", ""initial_potential"": -0.012, ""final_potential"": 0.012, ""step_height"": 0.0001, ""step_time"": 0.8, ""current_range"": ""20UA""}, {""op"": ""tafel"", ""initial_potential"": -0.25, ""final_potential"": 0.25, ""step_height"": 0.005, ""step_time"": 1, ""current_range"": ""200UA""}, {""op"": ""cv"", ""initial_potential"": -1.3, ""vertex_potential_1"": 0.5, ""vertex_potential_2"": -1.3, ""final_potential"": 0.5, ""scan_rate"": 0.075, ""cycles"": 2, ""current_range"": ""2MA""}]",-7,-35,0.037082298300000004,0.034602195700000005,0.0098448105,False,1.25,"{'H2SO4': 0.003, 'K2SO4': 0.997}",90,6.92,8.22,7.6017625899,7.59,25,25,-0.7321079969000001,-0.7912102938000001,0.0003162444,13538.1983793374,510.4116208911,0.9919079652,0.0011217331,-0.7910955844,0.0023166572000000002,-0.8358894634,8.4026e-06
31,9,10,corrosion,"[{""op"": ""set_flow"", ""pH"": 10, ""flow_rate"": 1.25, ""relative_rates"": {""KOH"": 0.0003, ""K2SO4"": 0.9997}, ""purge_time"": 90}, {""op"": ""open_circuit"", ""duration"": 1800, ""stabilization_range"": 0.002, ""stabilization_window"": 90, ""minimum_duration"": 300, ""smoothing_window"": 10}, {""op"": ""lpr"", ""initial_potential"": -0.012, ""final_potential"": 0.012, ""step_height"": 0.0001, ""step_time"": 0.8, ""current_range"": ""20UA""}, {""op"": ""lpr"", ""initial_potential"": -0.012, ""final_potential"": 0.012, ""step_height"": 0.0001, ""step_time"": 0.8, ""current_range"": ""20UA""}, {""op"": ""lpr"", ""initial_potential"": -0.012, ""final_potential"": 0.012, ""step_height"": 0.0001, ""step_time"": 0.8, ""current_range"": ""20UA""}, {""op"": ""tafel"", ""initial_potential"": -0.25, ""final_potential"": 0.25, ""step_height"": 0.005, ""step_time"": 1, ""current_range"": ""200UA""}, {""op"": ""cv"", ""initial_potential"": -1.3, ""vertex_potential_1"": 0.5, ""vertex_potential_2"": -1.3, ""final_potential"": 0.5, ""scan_rate"": 0.075, ""cycles"": 2, ""current_range"": ""2MA""}]",0,-63,0.0650819931,0.0276024456,0.0098448105,False,1.25,"{'KOH': 0.00030000000000000003, 'K2SO4': 0.9997}",90,6.99,8.77,7.8075254237,7.77,25,25,-0.7753535509,-0.8115602493,0.0005757319,11427.0070425162,9163.9154510705,0.9716639712,0.0089265961,-0.8178088533000001,0.0021870558,-0.8506683767000001,1.2058e-06
32,16,17,corrosion,"[{""op"": ""set_flow"", ""pH"": 10, ""flow_rate"": 1.25, ""relative_rates"": {""H2SO4"": 0.0003, ""K2SO4"": 0.9997}, ""purge_time"": 90}, {""op"": ""open_circuit"", ""duration"": 1800, ""stabilization_range"": 0.002, ""stabilization_window"": 90, ""minimum_duration"": 300, ""smoothing_window"": 10}, {""op"": ""lpr"", ""initial_potential"": -0.012, ""final_potential"": 0.012, ""step_height"": 0.0001, ""step_time"": 0.8, ""current_range"": ""20UA""}, {""op"": ""lpr"", ""initial_potential"": -0.012, ""final_potential"": 0.012, ""step_height"": 0.0001, ""step_time"": 0.8, ""current_range"": ""20UA""}, {""op"": ""lpr"", ""initial_potential"": -0.012, ""final_potential"": 0.012, ""step_height"": 0.0001, ""step_time"": 0.8, ""current_range"": ""20UA""}, {""op"": ""tafel"", ""initial_potential"": -0.25, ""final_potential"": 0.25, ""step_height"": 0.005, ""step_time"": 1, ""current_range"": ""200UA""}, {""op"": ""cv"", ""initial_potential"": -1.3, ""vertex_potential_1"": 0.5, ""vertex_potential_2"": -1.3, ""final_potential"": 0.5, ""scan_rate"": 0.075, ""cycles"": 2, ""current_range"": ""2MA""}]",-7,-21,0.023082199100000002,0.0346017952,0.0098449602,False,1.25,"{'H2SO4': 0.00030000000000000003, 'K2SO4': 0.9997}",90,7.04,8.56,7.9766308244,7.99,25,25,-0.7054245472,-0.7546815693000001,0.0002706984,32428.0793176983,1043.4522673594,0.9958744460000001,0.0019813346,-0.7594396622,0.0013096432,-0.8055042957,5.928000000000001e-07
33,17,18,corrosion,"[{""op"": ""set_flow"", ""pH"": 10, ""flow_rate"": 1.25, ""relative_rates"": {""H2SO4"": 0.001, ""K2SO4"": 0.999}, ""purge_time"": 90}, {""op"": ""open_circuit"", ""duration"": 1800, ""stabilization_range"": 0.002, ""stabilization_window"": 90, ""minimum_duration"": 300, ""smoothing_window"": 10}, {""op"": ""lpr"", ""initial_potential"": -0.012, ""final_potential"": 0.012, ""step_height"": 0.0001, ""step_time"": 0.8, ""current_range"": ""20UA""}, {""op"": ""lpr"", ""initial_potential"": -0.012, ""final_potential"": 0.012, ""step_height"": 0.0001, ""step_time"": 0.8, ""current_range"": ""20UA""}, {""op"": ""lpr"", ""initial_potential"": -0.012, ""final_potential"": 0.012, ""step_height"": 0.0001, ""step_time"": 0.8, ""current_range"": ""20UA""}, {""op"": ""tafel"", ""initial_potential"": -0.25, ""final_potential"": 0.25, ""step_height"": 0.005, ""step_time"": 1, ""current_range"": ""200UA""}, {""op"": ""cv"", ""initial_potential"": -1.3, ""vertex_potential_1"": 0.5, ""vertex_potential_2"": -1.3, ""final_potential"": 0.5, ""scan_rate"": 0.075, ""cycles"": 2, ""current_range"": ""2MA""}]",-7,-28,0.0300823479,0.0346027451,0.0098446598,False,1.25,"{'H2SO4': 0.001, 'K2SO4': 0.999}",90,7.01,8.29,8.1135172414,8.15,25,25,-0.7259738445,-0.7930965394,0.0003889181,15510.9593574884,590.28663747,0.9836890814,0.005431374,-0.7960848822000001,0.0004547986,-0.8383703621,8.884e-07
34,31,32,corrosion,"[{""op"": ""set_flow"", ""pH"": 10, ""flow_rate"": 1.25, ""relative_rates"": {""KOH"": 0.003, ""K2SO4"": 0.997}, ""purge_time"": 90}, {""op"": ""open_circuit"", ""duration"": 1800, ""stabilization_range"": 0.002, ""stabilization_window"": 90, ""minimum_duration"": 300}, {""op"": ""lpr"", ""initial_potential"": -0.012, ""final_potential"": 0.012, ""step_height"": 0.0001, ""step_time"": 0.8, ""current_range"": ""20UA""}, {""op"": ""lpr"", ""initial_potential"": -0.012, ""final_potential"": 0.012, ""step_height"": 0.0001, ""step_time"": 0.8, ""current_range"": ""20UA""}, {""op"": ""lpr"", ""initial_potential"": -0.012, ""final_potential"": 0.012, ""step_height"": 0.0001, ""step_time"": 0.8, ""current_range"": ""20UA""}, {""op"": ""tafel"", ""initial_potential"": -0.25, ""final_potential"": 0.25, ""step_height"": 0.005, ""step_time"": 1, ""current_range"": ""200UA""}, {""op"": ""cv"", ""initial_potential"": -1.3, ""vertex_potential_1"": 0.0, ""vertex_potential_2"": -1.3, ""final_potential"": 0.0, ""scan_rate"": 0.075, ""cycles"": 2, ""current_range"": ""2MA""}]",-20,40,0.0114439468,0.0879575424,0.010319208100000001,False,1.25,"{'KOH': 0.003, 'K2SO4': 0.997}",90,7.31,8.5,8.2766210046,8.29,25,25,-0.692542851,-0.7105618685,0.00027923630000000003,13480.4120038354,3896.899446152,0.9904515290000001,0.005390462600000001,-0.7045506789,0.0015297594,-0.7323078462,1.8157e-06
35,15,16,corrosion,"[{""op"": ""set_flow"", ""pH"": 10, ""flow_rate"": 1.25, ""relative_rates"": {""H2SO4"": 0.0001, ""K2SO4"": 0.9999}, ""purge_time"": 90}, {""op"": ""open_circuit"", ""duration"": 1800, ""stabilization_range"": 0.002, ""stabilization_window"": 90, ""minimum_duration"": 300, ""smoothing_window"": 10}, {""op"": ""lpr"", ""initial_potential"": -0.012, ""final_potential"": 0.012, ""step_height"": 0.0001, ""step_time"": 0.8, ""current_range"": ""20UA""}, {""op"": ""lpr"", ""initial_potential"": -0.012, ""final_potential"": 0.012, ""step_height"": 0.0001, ""step_time"": 0.8, ""current_range"": ""20UA""}, {""op"": ""lpr"", ""initial_potential"": -0.012, ""final_potential"": 0.012, ""step_height"": 0.0001, ""step_time"": 0.8, ""current_range"": ""20UA""}, {""op"": ""tafel"", ""initial_potential"": -0.25, ""final_potential"": 0.25, ""step_height"": 0.005, ""step_time"": 1, ""current_range"": ""200UA""}, {""op"": ""cv"", ""initial_potential"": -1.3, ""vertex_potential_1"": 0.5, ""vertex_potential_2"": -1.3, ""final_potential"": 0.5, ""scan_rate"": 0.075, ""cycles"": 2, ""current_range"": ""2MA""}]",-7,-14,0.0160822983,0.0346020432,0.009844910600000001,False,1.25,"{'H2SO4': 0.0001, 'K2SO4': 0.9999}",90,7.25,8.49,8.4278412698,8.46,25,25,-0.6624856591,-0.7456644118,0.00027431980000000003,24057.7959969285,0.0,0.9962598431,0.0,-0.7502515583,0.0,-0.8065462074,3.756e-07
36,14,15,corrosion,"[{""op"": ""set_flow"", ""pH"": 10, ""flow_rate"": 1.25, ""relative_rates"": {""H2SO4"": 3e-05, ""K2SO4"": 0.99997}, ""purge_time"": 90}, {""op"": ""open_circuit"", ""duration"": 1800, ""stabilization_range"": 0.002, ""stabilization_window"": 90, ""minimum_duration"": 300, ""smoothing_window"": 10}, {""op"": ""lpr"", ""initial_potential"": -0.012, ""final_potential"": 0.012, ""step_height"": 0.0001, ""step_time"": 0.8, ""current_range"": ""20UA""}, {""op"": ""lpr"", ""initial_potential"": -0.012, ""final_potential"": 0.012, ""step_height"": 0.0001, ""step_time"": 0.8, ""current_range"": ""20UA""}, {""op"": ""lpr"", ""initial_potential"": -0.012, ""final_potential"": 0.012, ""step_height"": 0.0001, ""step_time"": 0.8, ""current_range"": ""20UA""}, {""op"": ""tafel"", ""initial_potential"": -0.25, ""final_potential"": 0.25, ""step_height"": 0.005, ""step_time"": 1, ""current_range"": ""200UA""}, {""op"": ""cv"", ""initial_potential"": -1.3, ""vertex_potential_1"": 0.5, ""vertex_potential_2"": -1.3, ""final_potential"": 0.5, ""scan_rate"": 0.075, ""cycles"": 2, ""current_range"": ""2MA""}]",-7,-7,0.0090825491,0.0346016426,0.0098448601,False,1.25,"{'H2SO4': 3.0000000000000004e-05, 'K2SO4': 0.9999700000000001}",90,7.36,9.23,9.3192885375,9.38,25,25,-0.7097184062,-0.7613370985,0.0015354696,18028.3541047617,463.0926032115,0.9932854698,0.0029739420000000003,-0.7642610782,0.0018792352,-0.7862407795,5.989e-07
37,41,42,corrosion,"[{""op"": ""set_flow"", ""pH"": 10, ""flow_rate"": 1.25, ""relative_rates"": {""KOH"": 0.01, ""K2SO4"": 0.99}, ""purge_time"": 90}, {""op"": ""open_circuit"", ""duration"": 1800, ""stabilization_range"": 0.002, ""stabilization_window"": 90, ""minimum_duration"": 300, ""smoothing_window"": 10}, {""op"": ""lpr"", ""initial_potential"": -0.012, ""final_potential"": 0.012, ""step_height"": 0.0001, ""step_time"": 0.8, ""current_range"": ""20UA""}, {""op"": ""lpr"", ""initial_potential"": -0.012, ""final_potential"": 0.012, ""step_height"": 0.0001, ""step_time"": 0.8, ""current_range"": ""20UA""}, {""op"": ""lpr"", ""initial_potential"": -0.012, ""final_potential"": 0.012, ""step_height"": 0.0001, ""step_time"": 0.8, ""current_range"": ""20UA""}, {""op"": ""tafel"", ""initial_potential"": -0.25, ""final_potential"": 0.25, ""step_height"": 0.005, ""step_time"": 1, ""current_range"": ""200UA""}, {""op"": ""cv"", ""initial_potential"": -1.3, ""vertex_potential_1"": 0.5, ""vertex_potential_2"": -1.3, ""final_potential"": 0.5, ""scan_rate"": 0.075, ""cycles"": 2, ""current_range"": ""2MA""}]",-21,-28,0.030082048400000002,0.0486025925,0.009778760000000001,False,1.25,"{'KOH': 0.01, 'K2SO4': 0.99}",90,9.4,10.08,9.4133476395,9.4,25,25,-0.8173723221,-0.839715898,0.00036256980000000003,18747.2211624375,1730.393424408,0.9836413032,0.0076877638000000005,-0.8395839316,0.0002625344,-0.8656929976000001,1.3279e-06
38,13,14,corrosion,"[{""op"": ""set_flow"", ""pH"": 10, ""flow_rate"": 1.25, ""relative_rates"": {""H2SO4"": 1e-05, ""K2SO4"": 0.99999}, ""purge_time"": 90}, {""op"": ""open_circuit"", ""duration"": 1800, ""stabilization_range"": 0.002, ""stabilization_window"": 90, ""minimum_duration"": 300, ""smoothing_window"": 10}, {""op"": ""lpr"", ""initial_potential"": -0.012, ""final_potential"": 0.012, ""step_height"": 0.0001, ""step_time"": 0.8, ""current_range"": ""20UA""}, {""op"": ""lpr"", ""initial_potential"": -0.012, ""final_potential"": 0.012, ""step_height"": 0.0001, ""step_time"": 0.8, ""current_range"": ""20UA""}, {""op"": ""lpr"", ""initial_potential"": -0.012, ""final_potential"": 0.012, ""step_height"": 0.0001, ""step_time"": 0.8, ""current_range"": ""20UA""}, {""op"": ""tafel"", ""initial_potential"": -0.25, ""final_potential"": 0.25, ""step_height"": 0.005, ""step_time"": 1, ""current_range"": ""200UA""}, {""op"": ""cv"", ""initial_potential"": -1.3, ""vertex_potential_1"": 0.5, ""vertex_potential_2"": -1.3, ""final_potential"": 0.5, ""scan_rate"": 0.075, ""cycles"": 2, ""current_range"": ""2MA""}]",-7,0,0.0020822506,0.0346012459,0.0098451605,False,1.25,"{'H2SO4': 1e-05, 'K2SO4': 0.99999}",90,8.23,10.04,9.8571428571,9.88,25,25,-0.7238268852,-0.7922837645,0.0002556336,56853.4213990749,605.6266740545,0.9903971457,0.0033605036,-0.7956871032,0.0009834223,-0.8075485882000001,2.571e-07
39,16,17,corrosion,"[{""op"": ""set_flow"", ""pH"": 10, ""flow_rate"": 1.25, ""relative_rates"": {""KOH"": 0.1, ""K2SO4"": 0.9}, ""purge_time"": 90}, {""op"": ""open_circuit"", ""duration"": 1800, ""stabilization_range"": 0.002, ""stabilization_window"": 90, ""minimum_duration"": 300}, {""op"": ""lpr"", ""initial_potential"": -0.012, ""final_potential"": 0.012, ""step_height"": 0.0001, ""step_time"": 0.8, ""current_range"": ""20UA""}, {""op"": ""lpr"", ""initial_potential"": -0.012, ""final_potential"": 0.012, ""step_height"": 0.0001, ""step_time"": 0.8, ""current_range"": ""20UA""}, {""op"": ""lpr"", ""initial_potential"": -0.012, ""final_potential"": 0.012, ""step_height"": 0.0001, ""step_time"": 0.8, ""current_range"": ""20UA""}, {""op"": ""tafel"", ""initial_potential"": -0.25, ""final_potential"": 0.25, ""step_height"": 0.005, ""step_time"": 1, ""current_range"": ""200UA""}, {""op"": ""cv"", ""initial_potential"": -1.3, ""vertex_potential_1"": 0.0, ""vertex_potential_2"": -1.3, ""final_potential"": 0.0, ""scan_rate"": 0.075, ""cycles"": 2, ""current_range"": ""2MA""}]",-10,-20,0.0714444885,0.07795774080000001,0.0104829578,False,1.25,"{'KOH': 0.1, 'K2SO4': 0.9}",90,10.13,10.11,10.0778884462,10.08,25,25,-0.7928358316,-0.8324622989,0.0002743177,8702.6200474834,380.3790238024,0.9942011311000001,0.0016419032,-0.8311885313,0.001069707,-0.8597041254000001,3.5754e-06
40,30,31,corrosion,"[{""op"": ""set_flow"", ""pH"": 10, ""flow_rate"": 1.25, ""relative_rates"": {""KOH"": 0.01, ""K2SO4"": 0.99}, ""purge_time"": 90}, {""op"": ""open_circuit"", ""duration"": 1800, ""stabilization_range"": 0.002, ""stabilization_window"": 90, ""minimum_duration"": 300}, {""op"": ""lpr"", ""initial_potential"": -0.012, ""final_potential"": 0.012, ""step_height"": 0.0001, ""step_time"": 0.8, ""current_range"": ""20UA""}, {""op"": ""lpr"", ""initial_potential"": -0.012, ""final_potential"": 0.012, ""step_height"": 0.0001, ""step_time"": 0.8, ""current_range"": ""20UA""}, {""op"": ""lpr"", ""initial_potential"": -0.012, ""final_potential"": 0.012, ""step_height"": 0.0001, ""step_time"": 0.8, ""current_range"": ""20UA""}, {""op"": ""tafel"", ""initial_potential"": -0.25, ""final_potential"": 0.25, ""step_height"": 0.005, ""step_time"": 1, ""current_range"": ""200UA""}, {""op"": ""cv"", ""initial_potential"": -1.3, ""vertex_potential_1"": 0.0, ""vertex_potential_2"": -1.3, ""final_potential"": 0.0, ""scan_rate"": 0.075, ""cycles"": 2, ""current_range"": ""2MA""}]",-20,30,0.0214446449,0.0879573441,0.010319057500000001,False,1.25,"{'KOH': 0.01, 'K2SO4': 0.99}",90,9.2,9.92,10.1311368015,10.14,25,25,-0.537656188,-0.6979102224,0.0006093647000000001,14953.3223136916,333.6740555892,0.9574656713,0.0044912526000000005,-0.6972326393,0.0005202156,-0.7373861070000001,1.1695e-06
41,12,13,corrosion,"[{""op"": ""set_flow"", ""pH"": 10, ""flow_rate"": 1.25, ""relative_rates"": {""KOH"": 1e-05, ""K2SO4"": 0.99999}, ""purge_time"": 90}, {""op"": ""open_circuit"", ""duration"": 1800, ""stabilization_range"": 0.002, ""stabilization_window"": 90, ""minimum_duration"": 300, ""smoothing_window"": 10}, {""op"": ""lpr"", ""initial_potential"": -0.012, ""final_potential"": 0.012, ""step_height"": 0.0001, ""step_time"": 0.8, ""current_range"": ""20UA""}, {""op"": ""lpr"", ""initial_potential"": -0.012, ""final_potential"": 0.012, ""step_height"": 0.0001, ""step_time"": 0.8, ""current_range"": ""20UA""}, {""op"": ""lpr"", ""initial_potential"": -0.012, ""final_potential"": 0.012, ""step_height"": 0.0001, ""step_time"": 0.8, ""current_range"": ""20UA""}, {""op"": ""tafel"", ""initial_potential"": -0.25, ""final_potential"": 0.25, ""step_height"": 0.005, ""step_time"": 1, ""current_range"": ""200UA""}, {""op"": ""cv"", ""initial_potential"": -1.3, ""vertex_potential_1"": 0.5, ""vertex_potential_2"": -1.3, ""final_potential"": 0.5, ""scan_rate"": 0.075, ""cycles"": 2, ""current_range"": ""2MA""}]",0,-84,0.0860821381,0.0276024456,0.009845109900000001,False,1.25,"{'KOH': 1e-05, 'K2SO4': 0.99999}",90,10.72,10.49,10.5104032258,10.52,25,25,-0.6517509222,-0.7520132154,0.0004090724,6861.8622515738,1115.6821280399,0.9869416705,0.0134228439,-0.7497336461,0.0018806707,-0.8285345458000001,1.6415e-06
42,15,16,corrosion,"[{""op"": ""set_flow"", ""pH"": 10, ""flow_rate"": 1.25, ""relative_rates"": {""KOH"": 0.3, ""K2SO4"": 0.7}, ""purge_time"": 90}, {""op"": ""open_circuit"", ""duration"": 1800, ""stabilization_range"": 0.002, ""stabilization_window"": 90, ""minimum_duration"": 300}, {""op"": ""lpr"", ""initial_potential"": -0.012, ""final_potential"": 0.012, ""step_height"": 0.0001, ""step_time"": 0.8, ""current_range"": ""20UA""}, {""op"": ""lpr"", ""initial_potential"": -0.012, ""final_potential"": 0.012, ""step_height"": 0.0001, ""step_time"": 0.8, ""current_range"": ""20UA""}, {""op"": ""lpr"", ""initial_potential"": -0.012, ""final_potential"": 0.012, ""step_height"": 0.0001, ""step_time"": 0.8, ""current_range"": ""20UA""}, {""op"": ""tafel"", ""initial_potential"": -0.25, ""final_potential"": 0.25, ""step_height"": 0.005, ""step_time"": 1, ""current_range"": ""200UA""}, {""op"": ""cv"", ""initial_potential"": -1.3, ""vertex_potential_1"": 0.0, ""vertex_potential_2"": -1.3, ""final_potential"": 0.0, ""scan_rate"": 0.075, ""cycles"": 2, ""current_range"": ""2MA""}]",-10,-10,0.0614446411,0.0779573898,0.0104829073,False,1.25,"{'KOH': 0.30000000000000004, 'K2SO4': 0.7000000000000001}",90,10.7,10.82,10.7477464789,10.76,25,25,-0.7636987567,-0.8259141088,0.0003341304,13622.1385707123,1132.8918854325,0.9831187705000001,0.0063118297,-0.8247340567,0.0011972193000000001,-0.8462696839,3.5979000000000003e-06
43,28,29,corrosion,"[{""op"": ""set_flow"", ""pH"": 10, ""flow_rate"": 1.25, ""relative_rates"": {""KOH"": 0.1, ""K2SO4"": 0.9}, ""purge_time"": 90}, {""op"": ""open_circuit"", ""duration"": 1800, ""stabilization_range"": 0.002, ""stabilization_window"": 90, ""minimum_duration"": 300}, {""op"": ""lpr"", ""initial_potential"": -0.012, ""final_potential"": 0.012, ""step_height"": 0.0001, ""step_time"": 0.8, ""current_range"": ""20UA""}, {""op"": ""lpr"", ""initial_potential"": -0.012, ""final_potential"": 0.012, ""step_height"": 0.0001, ""step_time"": 0.8, ""current_range"": ""20UA""}, {""op"": ""lpr"", ""initial_potential"": -0.012, ""final_potential"": 0.012, ""step_height"": 0.0001, ""step_time"": 0.8, ""current_range"": ""20UA""}, {""op"": ""tafel"", ""initial_potential"": -0.25, ""final_potential"": 0.25, ""step_height"": 0.005, ""step_time"": 1, ""current_range"": ""200UA""}, {""op"": ""cv"", ""initial_potential"": -1.3, ""vertex_potential_1"": 0.0, ""vertex_potential_2"": -1.3, ""final_potential"": 0.0, ""scan_rate"": 0.075, ""cycles"": 2, ""current_range"": ""2MA""}]",-20,10,0.0414447975,0.08795629120000001,0.0101972075,False,1.25,"{'KOH': 0.1, 'K2SO4': 0.9}",90,10.84,10.61,10.8311983471,10.84,25,25,-0.6312015653,-0.6768548489,0.0002683911,5803.1772144415,342.6302210046,0.9947661184000001,0.0011070609,-0.6768812971,0.0004776539,-0.7273878474000001,2.4128e-06
44,6,7,corrosion,"[{""op"": ""set_flow"", ""pH"": 10, ""flow_rate"": 1.25, ""relative_rates"": {""KOH"": 0.001, ""K2SO4"": 0.999}, ""purge_time"": 90}, {""op"": ""open_circuit"", ""duration"": 1800, ""stabilization_range"": 0.002, ""stabilization_window"": 90, ""minimum_duration"": 300, ""smoothing_window"": 10}, {""op"": ""lpr"", ""initial_potential"": -0.012, ""final_potential"": 0.012, ""step_height"": 0.0001, ""step_time"": 0.8, ""current_range"": ""20UA""}, {""op"": ""lpr"", ""initial_potential"": -0.012, ""final_potential"": 0.012, ""step_height"": 0.0001, ""step_time"": 0.8, ""current_range"": ""20UA""}, {""op"": ""lpr"", ""initial_potential"": -0.012, ""final_potential"": 0.012, ""step_height"": 0.0001, ""step_time"": 0.8, ""current_range"": ""20UA""}, {""op"": ""tafel"", ""initial_potential"": -0.25, ""final_potential"": 0.25, ""step_height"": 0.005, ""step_time"": 1, ""current_range"": ""200UA""}, {""op"": ""cv"", ""initial_potential"": -1.3, ""vertex_potential_1"": 0.0, ""vertex_potential_2"": -1.3, ""final_potential"": 0.0, ""scan_rate"": 0.075, ""cycles"": 2, ""current_range"": ""2MA""}]",0,-42,0.044082244900000005,0.0276024952,0.0095024605,False,1.25,"{'KOH': 0.001, 'K2SO4': 0.999}",90,10.92,10.95,10.94125,10.945,25,25,,,,,,,,,,,
45,9,10,corrosion,"[{""op"": ""set_flow"", ""pH"": 10, ""flow_rate"": 1.25, ""relative_rates"": {""KOH"": 0.005, ""K2SO4"": 0.995}, ""purge_time"": 90}, {""op"": ""open_circuit"", ""duration"": 1800, ""stabilization_range"": 0.002, ""stabilization_window"": 90, ""minimum_duration"": 300}, {""op"": ""lpr"", ""initial_potential"": -0.012, ""final_potential"": 0.012, ""step_height"": 0.0001, ""step_time"": 0.8, ""current_range"": ""20UA""}, {""op"": ""lpr"", ""initial_potential"": -0.012, ""final_potential"": 0.012, ""step_height"": 0.0001, ""step_time"": 0.8, ""current_range"": ""20UA""}, {""op"": ""lpr"", ""initial_potential"": -0.012, ""final_potential"": 0.012, ""step_height"": 0.0001, ""step_time"": 0.8, ""current_range"": ""20UA""}, {""op"": ""tafel"", ""initial_potential"": -0.25, ""final_potential"": 0.25, ""step_height"": 0.005, ""step_time"": 1, ""current_range"": ""200UA""}, {""op"": ""cv"", ""initial_potential"": -1.3, ""vertex_potential_1"": 0.0, ""vertex_potential_2"": -1.3, ""final_potential"": 0.0, ""scan_rate"": 0.075, ""cycles"": 2, ""current_range"": ""2MA""}]",0,-63,0.06812749480000001,0.0279311962,0.009903610200000001,False,1.25,"{'KOH': 0.005, 'K2SO4': 0.995}",90,9.99,11.07,10.9879575597,11.01,25,25,-0.6851819158,-0.7599722505000001,0.0005196925,2926.2358653518,266.7187548313,,,-0.7766566592,0.0012504427,-0.8189524643,1.08219e-05
46,11,12,corrosion,"[{""op"": ""set_flow"", ""pH"": 10, ""flow_rate"": 1.25, ""relative_rates"": {""KOH"": 3e-05, ""K2SO4"": 0.99997}, ""purge_time"": 90}, {""op"": ""open_circuit"", ""duration"": 1800, ""stabilization_range"": 0.002, ""stabilization_window"": 90, ""minimum_duration"": 300, ""smoothing_window"": 10}, {""op"": ""lpr"", ""initial_potential"": -0.012, ""final_potential"": 0.012, ""step_height"": 0.0001, ""step_time"": 0.8, ""current_range"": ""20UA""}, {""op"": ""lpr"", ""initial_potential"": -0.012, ""final_potential"": 0.012, ""step_height"": 0.0001, ""step_time"": 0.8, ""current_range"": ""20UA""}, {""op"": ""lpr"", ""initial_potential"": -0.012, ""final_potential"": 0.012, ""step_height"": 0.0001, ""step_time"": 0.8, ""current_range"": ""20UA""}, {""op"": ""tafel"", ""initial_potential"": -0.25, ""final_potential"": 0.25, ""step_height"": 0.005, ""step_time"": 1, ""current_range"": ""200UA""}, {""op"": ""cv"", ""initial_potential"": -1.3, ""vertex_potential_1"": 0.5, ""vertex_potential_2"": -1.3, ""final_potential"": 0.5, ""scan_rate"": 0.075, ""cycles"": 2, ""current_range"": ""2MA""}]",0,-77,0.0790820923,0.027601696000000002,0.0100448103,False,1.25,"{'KOH': 3.0000000000000004e-05, 'K2SO4': 0.9999700000000001}",90,9.79,11.33,10.9609467456,11.03,25,25,-0.6640191674,-0.6723002434,0.003684507,3280.1049921144,0.0,0.9960382710000001,0.0,-0.6706334523,0.0,-0.5131745955,3.4796e-06
47,27,28,corrosion,"[{""op"": ""set_flow"", ""pH"": 10, ""flow_rate"": 1.25, ""relative_rates"": {""KOH"": 0.3, ""K2SO4"": 0.7}, ""purge_time"": 90}, {""op"": ""open_circuit"", ""duration"": 1800, ""stabilization_range"": 0.002, ""stabilization_window"": 90, ""minimum_duration"": 300}, {""op"": ""lpr"", ""initial_potential"": -0.012, ""final_potential"": 0.012, ""step_height"": 0.0001, ""step_time"": 0.8, ""current_range"": ""20UA""}, {""op"": ""lpr"", ""initial_potential"": -0.012, ""final_potential"": 0.012, ""step_height"": 0.0001, ""step_time"": 0.8, ""current_range"": ""20UA""}, {""op"": ""lpr"", ""initial_potential"": -0.012, ""final_potential"": 0.012, ""step_height"": 0.0001, ""step_time"": 0.8, ""current_range"": ""20UA""}, {""op"": ""tafel"", ""initial_potential"": -0.25, ""final_potential"": 0.25, ""step_height"": 0.005, ""step_time"": 1, ""current_range"": ""200UA""}, {""op"": ""cv"", ""initial_potential"": -1.3, ""vertex_potential_1"": 0.0, ""vertex_potential_2"": -1.3, ""final_potential"": 0.0, ""scan_rate"": 0.075, ""cycles"": 2, ""current_range"": ""2MA""}]",-10,40,0.0114440956,0.07795714570000001,0.0101968079,False,1.25,"{'KOH': 0.30000000000000004, 'K2SO4': 0.7000000000000001}",90,11.16,11.1,11.0668786127,11.06,25,25,-0.6664727926,-0.5962524027,0.0033025461,9965.0929030418,5192.911754002,0.9791004040000001,0.0100897869,-0.6260017806,0.015082696500000001,-0.6279919348,8.121e-06
48,8,9,corrosion,"[{""op"": ""set_flow"", ""pH"": 10, ""flow_rate"": 1.25, ""relative_rates"": {""KOH"": 0.01, ""K2SO4"": 0.99}, ""purge_time"": 90}, {""op"": ""open_circuit"", ""duration"": 1800, ""stabilization_range"": 0.002, ""stabilization_window"": 90, ""minimum_duration"": 300}, {""op"": ""lpr"", ""initial_potential"": -0.012, ""final_potential"": 0.012, ""step_height"": 0.0001, ""step_time"": 0.8, ""current_range"": ""20UA""}, {""op"": ""lpr"", ""initial_potential"": -0.012, ""final_potential"": 0.012, ""step_height"": 0.0001, ""step_time"": 0.8, ""current_range"": ""20UA""}, {""op"": ""lpr"", ""initial_potential"": -0.012, ""final_potential"": 0.012, ""step_height"": 0.0001, ""step_time"": 0.8, ""current_range"": ""20UA""}, {""op"": ""tafel"", ""initial_potential"": -0.25, ""final_potential"": 0.25, ""step_height"": 0.005, ""step_time"": 1, ""current_range"": ""200UA""}, {""op"": ""cv"", ""initial_potential"": -1.3, ""vertex_potential_1"": 0.0, ""vertex_potential_2"": -1.3, ""final_potential"": 0.0, ""scan_rate"": 0.075, ""cycles"": 2, ""current_range"": ""2MA""}]",0,-56,0.061127346000000006,0.0279301453,0.0095038605,False,1.25,"{'KOH': 0.01, 'K2SO4': 0.99}",90,10.29,11.14,11.1242003854,11.14,25,25,-0.6428564191,-0.7205604911,0.0013323562,2843.2447707232,157.9828026359,,,-0.7252833811,0.0040336185,-0.7111471067,9.282300000000001e-06
49,4,5,corrosion,"[{""op"": ""set_flow"", ""pH"": 10, ""flow_rate"": 1.25, ""relative_rates"": {""KOH"": 0.01, ""K2SO4"": 0.99}, ""purge_time"": 90}, {""op"": ""open_circuit"", ""duration"": 1800, ""stabilization_range"": 0.002, ""stabilization_window"": 90, ""minimum_duration"": 300, ""smoothing_window"": 10}, {""op"": ""lpr"", ""initial_potential"": -0.012, ""final_potential"": 0.012, ""step_height"": 0.0001, ""step_time"": 0.8, ""current_range"": ""20UA""}, {""op"": ""lpr"", ""initial_potential"": -0.012, ""final_potential"": 0.012, ""step_height"": 0.0001, ""step_time"": 0.8, ""current_range"": ""20UA""}, {""op"": ""lpr"", ""initial_potential"": -0.012, ""final_potential"": 0.012, ""step_height"": 0.0001, ""step_time"": 0.8, ""current_range"": ""20UA""}, {""op"": ""tafel"", ""initial_potential"": -0.25, ""final_potential"": 0.25, ""step_height"": 0.005, ""step_time"": 1, ""current_range"": ""200UA""}, {""op"": ""cv"", ""initial_potential"": -1.3, ""vertex_potential_1"": 0.0, ""vertex_potential_2"": -1.3, ""final_potential"": 0.0, ""scan_rate"": 0.075, ""cycles"": 2, ""current_range"": ""2MA""}]",0,-28,0.0300816479,0.0276018448,0.0095021601,False,1.25,"{'KOH': 0.01, 'K2SO4': 0.99}",90,10.96,11.68,11.5109661836,11.52,25,25,-0.7548042536,-0.7893393874,0.0008754536,13301.0859576909,6384.0541385146,0.9708821991000001,0.0119213025,-0.7949814156,0.0067313965,-0.7867583923,1.2128e-06
50,29,30,corrosion,"[{""op"": ""set_flow"", ""pH"": 10, ""flow_rate"": 1.25, ""relative_rates"": {""KOH"": 1, ""K2SO4"": 0}, ""purge_time"": 90}, {""op"": ""open_circuit"", ""duration"": 1800, ""stabilization_range"": 0.002, ""stabilization_window"": 90, ""minimum_duration"": 300}, {""op"": ""lpr"", ""initial_potential"": -0.012, ""final_potential"": 0.012, ""step_height"": 0.0001, ""step_time"": 0.8, ""current_range"": ""20UA""}, {""op"": ""lpr"", ""initial_potential"": -0.012, ""final_potential"": 0.012, ""step_height"": 0.0001, ""step_time"": 0.8, ""current_range"": ""20UA""}, {""op"": ""lpr"", ""initial_potential"": -0.012, ""final_potential"": 0.012, ""step_height"": 0.0001, ""step_time"": 0.8, ""current_range"": ""20UA""}, {""op"": ""tafel"", ""initial_potential"": -0.25, ""final_potential"": 0.25, ""step_height"": 0.005, ""step_time"": 1, ""current_range"": ""200UA""}, {""op"": ""cv"", ""initial_potential"": -1.3, ""vertex_potential_1"": 0.0, ""vertex_potential_2"": -1.3, ""final_potential"": 0.0, ""scan_rate"": 0.075, ""cycles"": 2, ""current_range"": ""2MA""}]",-20,20,0.0314440956,0.0879575958,0.0105084581,False,1.25,"{'KOH': 1, 'K2SO4': 0}",90,11.67,11.74,11.6964739884,11.7,25,25,-0.5008513927,-0.4506742448,0.0002706885,37407.2629130546,2035.4864025108,0.9963788295,0.0008190156000000001,-0.4554757853,0.0038241437,-0.4216115573,8.0775e-06
51,4,5,corrosion,"[{""op"": ""set_flow"", ""pH"": 10, ""flow_rate"": 1.25, ""relative_rates"": {""KOH"": 0.25, ""K2SO4"": 0.75}, ""purge_time"": 90}, {""op"": ""open_circuit"", ""duration"": 1800, ""stabilization_range"": 0.002, ""stabilization_window"": 90, ""minimum_duration"": 300}, {""op"": ""lpr"", ""initial_potential"": -0.012, ""final_potential"": 0.012, ""step_height"": 0.0001, ""step_time"": 0.8, ""current_range"": ""20UA""}, {""op"": ""lpr"", ""initial_potential"": -0.012, ""final_potential"": 0.012, ""step_height"": 0.0001, ""step_time"": 0.8, ""current_range"": ""20UA""}, {""op"": ""lpr"", ""initial_potential"": -0.012, ""final_potential"": 0.012, ""step_height"": 0.0001, ""step_time"": 0.8, ""current_range"": ""20UA""}, {""op"": ""tafel"", ""initial_potential"": -0.25, ""final_potential"": 0.25, ""step_height"": 0.005, ""step_time"": 1, ""current_range"": ""200UA""}, {""op"": ""cv"", ""initial_potential"": -1.3, ""vertex_potential_1"": 0.0, ""vertex_potential_2"": -1.3, ""final_potential"": 0.0, ""scan_rate"": 0.075, ""cycles"": 2, ""current_range"": ""2MA""}]",0,-28,0.0331280479,0.0279304447,0.0096630106,False,1.25,"{'KOH': 0.25, 'K2SO4': 0.75}",90,11.6,12.32,11.7229287091,11.72,25,25,-1.21609056,-1.1775529444,0.0011357871000000001,,,,,,,-1.0672999997,0.00025596230000000003
52,10,11,corrosion,"[{""op"": ""set_flow"", ""pH"": 10, ""flow_rate"": 1.25, ""relative_rates"": {""KOH"": 0.0001, ""K2SO4"": 0.9999}, ""purge_time"": 90}, {""op"": ""open_circuit"", ""duration"": 1800, ""stabilization_range"": 0.002, ""stabilization_window"": 90, ""minimum_duration"": 300, ""smoothing_window"": 10}, {""op"": ""lpr"", ""initial_potential"": -0.012, ""final_potential"": 0.012, ""step_height"": 0.0001, ""step_time"": 0.8, ""current_range"": ""20UA""}, {""op"": ""lpr"", ""initial_potential"": -0.012, ""final_potential"": 0.012, ""step_height"": 0.0001, ""step_time"": 0.8, ""current_range"": ""20UA""}, {""op"": ""lpr"", ""initial_potential"": -0.012, ""final_potential"": 0.012, ""step_height"": 0.0001, ""step_time"": 0.8, ""current_range"": ""20UA""}, {""op"": ""tafel"", ""initial_potential"": -0.25, ""final_potential"": 0.25, ""step_height"": 0.005, ""step_time"": 1, ""current_range"": ""200UA""}, {""op"": ""cv"", ""initial_potential"": -1.3, ""vertex_potential_1"": 0.5, ""vertex_potential_2"": -1.3, ""final_potential"": 0.5, ""scan_rate"": 0.075, ""cycles"": 2, ""current_range"": ""2MA""}]",0,-70,0.0720815964,0.027602195700000002,0.0098450603,False,1.25,"{'KOH': 0.0001, 'K2SO4': 0.9999}",90,11.53,12.01,11.7378386167,11.74,25,25,-0.949562788,-0.5520406842,0.00043260740000000003,78401.0810802891,0.0,0.9941041867,0.0,-0.5570349056,0.0,-0.5513374349,2.9637e-06
53,3,4,corrosion,"[{""op"": ""set_flow"", ""pH"": 10, ""flow_rate"": 1.25, ""relative_rates"": {""KOH"": 0.5, ""K2SO4"": 0.5}, ""purge_time"": 90}, {""op"": ""open_circuit"", ""duration"": 1800, ""stabilization_range"": 0.002, ""stabilization_window"": 90, ""minimum_duration"": 300}, {""op"": ""lpr"", ""initial_potential"": -0.012, ""final_potential"": 0.012, ""step_height"": 0.0001, ""step_time"": 0.8, ""current_range"": ""20UA""}, {""op"": ""lpr"", ""initial_potential"": -0.012, ""final_potential"": 0.012, ""step_height"": 0.0001, ""step_time"": 0.8, ""current_range"": ""20UA""}, {""op"": ""lpr"", ""initial_potential"": -0.012, ""final_potential"": 0.012, ""step_height"": 0.0001, ""step_time"": 0.8, ""current_range"": ""20UA""}, {""op"": ""tafel"", ""initial_potential"": -0.25, ""final_potential"": 0.25, ""step_height"": 0.005, ""step_time"": 1, ""current_range"": ""200UA""}, {""op"": ""cv"", ""initial_potential"": -1.3, ""vertex_potential_1"": 0.0, ""vertex_potential_2"": -1.3, ""final_potential"": 0.0, ""scan_rate"": 0.075, ""cycles"": 2, ""current_range"": ""2MA""}]",0,-21,0.026127798100000002,0.0279306965,0.0096630106,False,1.25,"{'KOH': 0.5, 'K2SO4': 0.5}",90,11.87,12.46,11.7906358382,11.76,25,25,-1.2467612028,-1.2202464521,0.0006091765000000001,,,,,,,-1.1716182497,0.0006818684
54,42,43,corrosion,"[{""op"": ""set_flow"", ""pH"": 10, ""flow_rate"": 1.25, ""relative_rates"": {""KOH"": 0.03, ""K2SO4"": 0.97}, ""purge_time"": 90}, {""op"": ""open_circuit"", ""duration"": 1800, ""stabilization_range"": 0.002, ""stabilization_window"": 90, ""minimum_duration"": 300, ""smoothing_window"": 10}, {""op"": ""lpr"", ""initial_potential"": -0.012, ""final_potential"": 0.012, ""step_height"": 0.0001, ""step_time"": 0.8, ""current_range"": ""20UA""}, {""op"": ""lpr"", ""initial_potential"": -0.012, ""final_potential"": 0.012, ""step_height"": 0.0001, ""step_time"": 0.8, ""current_range"": ""20UA""}, {""op"": ""lpr"", ""initial_potential"": -0.012, ""final_potential"": 0.012, ""step_height"": 0.0001, ""step_time"": 0.8, ""current_range"": ""20UA""}, {""op"": ""tafel"", ""initial_potential"": -0.25, ""final_potential"": 0.25, ""step_height"": 0.005, ""step_time"": 1, ""current_range"": ""200UA""}, {""op"": ""cv"", ""initial_potential"": -1.3, ""vertex_potential_1"": 0.5, ""vertex_potential_2"": -1.3, ""final_potential"": 0.5, ""scan_rate"": 0.075, ""cycles"": 2, ""current_range"": ""2MA""}]",-21,-35,0.037081996900000004,0.0486020927,0.0097787104,False,1.25,"{'KOH': 0.03, 'K2SO4': 0.97}",90,11.6,12.17,11.8101949861,11.81,25,25,-0.7928358316,-0.5572086930000001,0.0002792509,25953.7662571981,481.1862692709,0.9874634306000001,0.0028442003,-0.5597820573,0.0012309752,-0.5592715476,4.9091e-06
55,3,4,corrosion,"[{""op"": ""set_flow"", ""pH"": 10, ""flow_rate"": 1.25, ""relative_rates"": {""KOH"": 0.03, ""K2SO4"": 0.97}, ""purge_time"": 90}, {""op"": ""open_circuit"", ""duration"": 1800, ""stabilization_range"": 0.002, ""stabilization_window"": 90, ""minimum_duration"": 300, ""smoothing_window"": 10}, {""op"": ""lpr"", ""initial_potential"": -0.012, ""final_potential"": 0.012, ""step_height"": 0.0001, ""step_time"": 0.8, ""current_range"": ""20UA""}, {""op"": ""lpr"", ""initial_potential"": -0.012, ""final_potential"": 0.012, ""step_height"": 0.0001, ""step_time"": 0.8, ""current_range"": ""20UA""}, {""op"": ""lpr"", ""initial_potential"": -0.012, ""final_potential"": 0.012, ""step_height"": 0.0001, ""step_time"": 0.8, ""current_range"": ""20UA""}, {""op"": ""tafel"", ""initial_potential"": -0.25, ""final_potential"": 0.25, ""step_height"": 0.005, ""step_time"": 1, ""current_range"": ""200UA""}, {""op"": ""cv"", ""initial_potential"": -1.3, ""vertex_potential_1"": 0.0, ""vertex_potential_2"": -1.3, ""final_potential"": 0.0, ""scan_rate"": 0.075, ""cycles"": 2, ""current_range"": ""2MA""}]",0,-21,0.0230819988,0.0276018448,0.0095024605,False,1.25,"{'KOH': 0.03, 'K2SO4': 0.97}",90,11.89,12.05,11.929876161,11.93,25,25,-0.8903684616,-0.6185039520000001,0.0003904911,49096.4451469674,0.0,0.9829398762,0.0,-0.6213164758,0.0,-0.6156430442,4.5789e-06
56,2,3,corrosion,"[{""op"": ""set_flow"", ""pH"": 10, ""flow_rate"": 1.25, ""relative_rates"": {""KOH"": 1, ""K2SO4"": 0}, ""purge_time"": 90}, {""op"": ""open_circuit"", ""duration"": 1800, ""stabilization_range"": 0.002, ""stabilization_window"": 90, ""minimum_duration"": 300}, {""op"": ""lpr"", ""initial_potential"": -0.012, ""final_potential"": 0.012, ""step_height"": 0.0001, ""step_time"": 0.8, ""current_range"": ""20UA""}, {""op"": ""lpr"", ""initial_potential"": -0.012, ""final_potential"": 0.012, ""step_height"": 0.0001, ""step_time"": 0.8, ""current_range"": ""20UA""}, {""op"": ""lpr"", ""initial_potential"": -0.012, ""final_potential"": 0.012, ""step_height"": 0.0001, ""step_time"": 0.8, ""current_range"": ""20UA""}, {""op"": ""tafel"", ""initial_potential"": -0.25, ""final_potential"": 0.25, ""step_height"": 0.005, ""step_time"": 1, ""current_range"": ""200UA""}, {""op"": ""cv"", ""initial_potential"": -1.3, ""vertex_potential_1"": 0.0, ""vertex_potential_2"": -1.3, ""final_potential"": 0.0, ""scan_rate"": 0.075, ""cycles"": 2, ""current_range"": ""2MA""}]",0,-14,0.0191276989,0.027932796500000003,0.0096630602,False,1.25,"{'KOH': 1, 'K2SO4': 0}",90,11.95,12.43,12.0546575342,12.03,25,25,-1.2390935421,-1.2362872064000001,0.000362534,813.6773493637,25.4508400694,,,-1.2268382722,0.0036623799,-1.2251226328,0.0001409712
57,43,44,corrosion,"[{""op"": ""set_flow"", ""pH"": 10, ""flow_rate"": 1.25, ""relative_rates"": {""KOH"": 0.1, ""K2SO4"": 0.9}, ""purge_time"": 90}, {""op"": ""open_circuit"", ""duration"": 1800, ""stabilization_range"": 0.002, ""stabilization_window"": 90, ""minimum_duration"": 300, ""smoothing_window"": 10}, {""op"": ""lpr"", ""initial_potential"": -0.012, ""final_potential"": 0.012, ""step_height"": 0.0001, ""step_time"": 0.8, ""current_range"": ""20UA""}, {""op"": ""lpr"", ""initial_potential"": -0.012, ""final_potential"": 0.012, ""step_height"": 0.0001, ""step_time"": 0.8, ""current_range"": ""20UA""}, {""op"": ""lpr"", ""initial_potential"": -0.012, ""final_potential"": 0.012, ""step_height"": 0.0001, ""step_time"": 0.8, ""current_range"": ""20UA""}, {""op"": ""tafel"", ""initial_potential"": -0.25, ""final_potential"": 0.25, ""step_height"": 0.005, ""step_time"": 1, ""current_range"": ""200UA""}, {""op"": ""cv"", ""initial_potential"": -1.3, ""vertex_potential_1"": 0.5, ""vertex_potential_2"": -1.3, ""final_potential"": 0.5, ""scan_rate"": 0.075, ""cycles"": 2, ""current_range"": ""2MA""}]",-21,-42,0.0440823479,0.048601894400000005,0.009778610200000001,False,1.25,"{'KOH': 0.1, 'K2SO4': 0.9}",90,12.09,12.09,12.149790795,12.14,25,25,-1.1194781065,-1.0826426506,0.0038768911,7141.178667585,3853.8050971522,0.9879108188000001,0.0097018952,-1.0498600081,0.016321288,-1.1007397854,1.71635e-05
58,2,3,corrosion,"[{""op"": ""set_flow"", ""pH"": 10, ""flow_rate"": 1.25, ""relative_rates"": {""KOH"": 0.1, ""K2SO4"": 0.9}, ""purge_time"": 90}, {""op"": ""open_circuit"", ""duration"": 1800, ""stabilization_range"": 0.002, ""stabilization_window"": 90, ""minimum_duration"": 300, ""smoothing_window"": 10}, {""op"": ""lpr"", ""initial_potential"": -0.012, ""final_potential"": 0.012, ""step_height"": 0.0001, ""step_time"": 0.8, ""current_range"": ""20UA""}, {""op"": ""lpr"", ""initial_potential"": -0.012, ""final_potential"": 0.012, ""step_height"": 0.0001, ""step_time"": 0.8, ""current_range"": ""20UA""}, {""op"": ""lpr"", ""initial_potential"": -0.012, ""final_potential"": 0.012, ""step_height"": 0.0001, ""step_time"": 0.8, ""current_range"": ""20UA""}, {""op"": ""tafel"", ""initial_potential"": -0.25, ""final_potential"": 0.25, ""step_height"": 0.005, ""step_time"": 1, ""current_range"": ""200UA""}, {""op"": ""cv"", ""initial_potential"": -1.3, ""vertex_potential_1"": 0.0, ""vertex_potential_2"": -1.3, ""final_potential"": 0.0, ""scan_rate"": 0.075, ""cycles"": 2, ""current_range"": ""2MA""}]",0,-14,0.0160820484,0.0276018448,0.0095024605,False,1.25,"{'KOH': 0.1, 'K2SO4': 0.9}",90,12.22,12.31,12.210867052,12.21,25,25,-1.0808330774,-0.9926090002000001,0.0055629516,7837.2712805616,555.4833687398,0.9845601761,0.018410830700000002,-0.9773595458000001,0.0050167737,-1.0137304211,0.0002152148
59,0,1,corrosion,"[{""op"": ""set_flow"", ""pH"": 10, ""flow_rate"": 1.25, ""relative_rates"": {""KOH"": 1, ""K2SO4"": 0}, ""purge_time"": 90}, {""op"": ""open_circuit"", ""duration"": 1800, ""stabilization_range"": 0.002, ""stabilization_window"": 90, ""minimum_duration"": 300, ""smoothing_window"": 10}, {""op"": ""lpr"", ""initial_potential"": -0.012, ""final_potential"": 0.012, ""step_height"": 0.0001, ""step_time"": 0.8, ""current_range"": ""20UA""}, {""op"": ""lpr"", ""initial_potential"": -0.012, ""final_potential"": 0.012, ""step_height"": 0.0001, ""step_time"": 0.8, ""current_range"": ""20UA""}, {""op"": ""lpr"", ""initial_potential"": -0.012, ""final_potential"": 0.012, ""step_height"": 0.0001, ""step_time"": 0.8, ""current_range"": ""20UA""}, {""op"": ""tafel"", ""initial_potential"": -0.25, ""final_potential"": 0.25, ""step_height"": 0.005, ""step_time"": 1, ""current_range"": ""200UA""}, {""op"": ""cv"", ""initial_potential"": -1.3, ""vertex_potential_1"": 0.0, ""vertex_potential_2"": -1.3, ""final_potential"": 0.0, ""scan_rate"": 0.075, ""cycles"": 2, ""current_range"": ""2MA""}]",0,0,0.0020819998,0.0276018448,0.009902310400000001,False,1.25,"{'KOH': 1, 'K2SO4': 0}",90,12.26,12.27,12.265,12.265,25,25,,,,,,,,,,,
60,1,2,corrosion,"[{""op"": ""set_flow"", ""pH"": 10, ""flow_rate"": 1.25, ""relative_rates"": {""KOH"": 0.3, ""K2SO4"": 0.7}, ""purge_time"": 90}, {""op"": ""open_circuit"", ""duration"": 1800, ""stabilization_range"": 0.002, ""stabilization_window"": 90, ""minimum_duration"": 300, ""smoothing_window"": 10}, {""op"": ""lpr"", ""initial_potential"": -0.012, ""final_potential"": 0.012, ""step_height"": 0.0001, ""step_time"": 0.8, ""current_range"": ""20UA""}, {""op"": ""lpr"", ""initial_potential"": -0.012, ""final_potential"": 0.012, ""step_height"": 0.0001, ""step_time"": 0.8, ""current_range"": ""20UA""}, {""op"": ""lpr"", ""initial_potential"": -0.012, ""final_potential"": 0.012, ""step_height"": 0.0001, ""step_time"": 0.8, ""current_range"": ""20UA""}, {""op"": ""tafel"", ""initial_potential"": -0.25, ""final_potential"": 0.25, ""step_height"": 0.005, ""step_time"": 1, ""current_range"": ""200UA""}, {""op"": ""cv"", ""initial_potential"": -1.3, ""vertex_potential_1"": 0.0, ""vertex_potential_2"": -1.3, ""final_potential"": 0.0, ""scan_rate"": 0.075, ""cycles"": 2, ""current_range"": ""2MA""}]",0,-7,0.0090823994,0.0276018448,0.00990236,False,1.25,"{'KOH': 0.30000000000000004, 'K2SO4': 0.7000000000000001}",90,12.52,12.51,12.37845953,12.37,25,25,-1.2185442448,-1.1828742862000001,0.0026553994000000003,2080.8046691424,65.7515485409,0.9979757466,0.0011487206,-1.1780418434,0.0022661221000000002,-1.2047958877,8.58898e-05
61,44,45,corrosion,"[{""op"": ""set_flow"", ""pH"": 10, ""flow_rate"": 1.25, ""relative_rates"": {""KOH"": 0.3, ""K2SO4"": 0.7}, ""purge_time"": 90}, {""op"": ""open_circuit"", ""duration"": 1800, ""stabilization_range"": 0.002, ""stabilization_window"": 90, ""minimum_duration"": 300, ""smoothing_window"": 10}, {""op"": ""lpr"", ""initial_potential"": -0.012, ""final_potential"": 0.012, ""step_height"": 0.0001, ""step_time"": 0.8, ""current_range"": ""20UA""}, {""op"": ""lpr"", ""initial_potential"": -0.012, ""final_potential"": 0.012, ""step_height"": 0.0001, ""step_time"": 0.8, ""current_range"": ""20UA""}, {""op"": ""lpr"", ""initial_potential"": -0.012, ""final_potential"": 0.012, ""step_height"": 0.0001, ""step_time"": 0.8, ""current_range"": ""20UA""}, {""op"": ""tafel"", ""initial_potential"": -0.25, ""final_potential"": 0.25, ""step_height"": 0.005, ""step_time"": 1, ""current_range"": ""200UA""}, {""op"": ""cv"", ""initial_potential"": -1.3, ""vertex_potential_1"": 0.5, ""vertex_potential_2"": -1.3, ""final_potential"": 0.5, ""scan_rate"": 0.075, ""cycles"": 2, ""current_range"": ""2MA""}]",-21,-49,0.0510819473,0.0486018448,0.0097786598,False,1.25,"{'KOH': 0.30000000000000004, 'K2SO4': 0.7000000000000001}",90,12.37,12.57,12.4144255319,12.41,25,25,-1.1979949474,-1.1784577191,0.0019476838,1698.5884668477,246.5520736227,0.9970594338000001,0.001438005,-1.1721631498,0.0016170260000000001,-1.1931560154,0.00010254120000000001
62,45,46,corrosion,"[{""op"": ""set_flow"", ""pH"": 10, ""flow_rate"": 1.25, ""relative_rates"": {""KOH"": 1, ""K2SO4"": 0}, ""purge_time"": 90}, {""op"": ""open_circuit"", ""duration"": 1800, ""stabilization_range"": 0.002, ""stabilization_window"": 90, ""minimum_duration"": 300, ""smoothing_window"": 10}, {""op"": ""lpr"", ""initial_potential"": -0.012, ""final_potential"": 0.012, ""step_height"": 0.0001, ""step_time"": 0.8, ""current_range"": ""20UA""}, {""op"": ""lpr"", ""initial_potential"": -0.012, ""final_potential"": 0.012, ""step_height"": 0.0001, ""step_time"": 0.8, ""current_range"": ""20UA""}, {""op"": ""lpr"", ""initial_potential"": -0.012, ""final_potential"": 0.012, ""step_height"": 0.0001, ""step_time"": 0.8, ""current_range"": ""20UA""}, {""op"": ""tafel"", ""initial_potential"": -0.25, ""final_potential"": 0.25, ""step_height"": 0.005, ""step_time"": 1, ""current_range"": ""200UA""}, {""op"": ""cv"", ""initial_potential"": -1.3, ""vertex_potential_1"": 0.5, ""vertex_potential_2"": -1.3, ""final_potential"": 0.5, ""scan_rate"": 0.075, ""cycles"": 2, ""current_range"": ""2MA""}]",-21,-56,0.0580817947,0.0486018448,0.00977841,False,1.25,"{'KOH': 1, 'K2SO4': 0}",90,12.38,12.46,12.4448672566,12.44,25,25,-1.2492148876,-1.2413478494,0.0013726184,941.6224875546,110.3141651224,0.9967697768,0.0009504316,-1.2377168508,0.0014885867,-1.2484299039,6.41124e-05
